OnCatchSheet,OnSummarySheet,Date,years,yearday,months,Site.Name,Unique.Name,Nursery,Grid.Reference,Longitude,Latitude,X.coord,Y.coord,Use_row,Sampling,Year0class,Year0AverageFL,TaggingClassO,Year1class,Year1AverageFL,TaggingClass1,Year2class,Year2AverageFL,TaggingClass2,Year3class,Year3AverageFL,TaggingClass3,Year4class,Year4AverageFL,TaggingClass4,Air.Temp,Wind.Direction,Cloud.Condition,Precipitation,Water.Temp,Salinity,Turbidity,Surface,AverageDepth,GearCode,GearType,Net.m,Deep.m,Mesh.mm,CatchMethod,HaulRun,StartTime,EndTime,Duration(Mins),HWTime_1,HWTime_2,LWTime,LWTime_2,HW_1,HW_2,LW,LW_2,NetheldTime,AreaNetted,NetTechnique
0,1,1998/05/18,1998,138,5,19 Bosahan,Bosahan,Helford,SW773264,-5.1151426,50.095860,177300,26400,0,1,0,NA,0,0,NA,0,0,NA,0,0,NA,0,1,31.9,Orange,18,Calm,0/8,Dry,18,NA,NA,NA,5,LN,Large Net,18.3,1.8,5,Beach Seine,NA,NA,NA,NA,,,,,,,,,NA,NA,Hauled
0,1,1998/05/28,1998,148,5,17 Entrance of Porth Navas,Entrance of Porth Navas,Helford,SW754269,-5.1419603,50.099634,175400,26900,0,1,0,NA,0,0,NA,0,0,NA,0,2,26,Yellow,0,NA,0,19,E,6/8,Dry,18.5,NA,NA,NA,1,LN,Large Net,18.3,1.8,5,Beach Seine,NA,NA,NA,NA,,,,,,,,,NA,3100,Hauled
0,1,1998/06/11,1998,162,6,6 Gweek,Gweek,Helford,SW705265,-5.2101247,50.094169,170500,26500,0,1,0,NA,0,1,13,0,0,NA,0,0,NA,0,0,NA,0,15,N,6/8,Dry,17,NA,NA,NA,0.6,LN,Large Net,18.3,1.8,5,Beach Seine,NA,NA,NA,NA,,,,,,,,,NA,800,Hauled
0,1,1998/06/12,1998,163,6,15 Groyne Point,Groyne Point,Helford,SW741262,-5.1596953,50.092855,174100,26200,0,1,0,NA,0,1,12,0,0,NA,0,0,NA,0,0,NA,0,16,W,8/8,Dry,17,NA,NA,NA,0.8,LN,Large Net,18.3,1.8,5,Beach Seine,NA,NA,NA,NA,,,,,,,,,NA,1500,Hauled
0,1,1998/06/16,1998,167,6,15 Groyne Point,Groyne Point,Helford,SW741262,-5.1596953,50.092855,174100,26200,0,0,0,NA,0,0,NA,0,0,NA,0,4,23.5,Yellow,0,NA,0,17,W,2/8,Dry,19,NA,NA,NA,1.5,LN,Large Net,18.3,1.8,5,Beach Seine,5,1610,1740,78,1025,2240,1646,,4.6,4.8,1.5,,NA,1750,Hauled
0,1,1998/06/16,1998,167,6,18 The Bar,The Bar,Helford,SW757269,-5.1377720,50.099748,175700,26900,0,0,0,NA,0,0,NA,0,0,NA,0,0,NA,0,0,NA,0,17,W,2/8,Dry,17,NA,NA,NA,1.5,LN,Large Net,18.3,1.8,5,Beach Seine,NA,NA,NA,NA,,,,,,,,,NA,700,Hauled
0,1,1998/06/25,1998,176,6,12 Treymane Creek,Merthen,Helford,SW729259,-5.1762672,50.089704,172900,25900,1,1,0,NA,0,31,12,0,0,NA,0,0,NA,0,0,NA,0,17,W,3/8,Dry,22,NA,NA,NA,1,LN,Large Net,18.3,1.8,5,Beach Seine,2,1215,1400,87,650,1808,1331,,5.2,5.4,0.6,,NA,1600,Hauled
0,1,1998/07/21,1998,202,7,20 Head of Polwheveral Creek,Head of Polwheveral Creek,Helford,SW739284,-5.1637894,50.112535,173900,28400,1,1,0,NA,0,13,14,0,0,NA,0,0,NA,0,0,NA,0,20,W,3/8,Dry,21,NA,NA,NA,0.2,LN,Large Net,18.3,1.8,5,Beach Seine,NA,NA,NA,NA,,,,,,,,,NA,250,Hauled
0,1,1998/07/24,1998,205,7,1 Mawgan Creek,Mawgan Creek,Helford,SW721257,-5.1873139,50.087602,172100,25700,0,0,0,NA,0,0,NA,0,0,NA,0,0,NA,0,0,NA,0,18,W,2/8,Dry,18,NA,NA,NA,0.4,LN,Large Net,18.3,1.7,4,Beach Seine,NA,NA,NA,NA,,,,,,,,,NA,540,Hauled
1,0,1998/07/24,1998,205,7,12 Merthen,Merthen,Helford,SW723258,-5.1845821,50.088576,172300,25800,1,1,0,NA,0,10,14,0,0,NA,0,0,NA,0,0,NA,0,18,W,2/8,Dry,18,0,0.2,rippled,0.3,LN,Large Net,18.3,1.7,4,Beach Seine,1,1230,1400,78,632,1849,1316,,5.1,5.3,0.7,,NA,2000,Hauled
0,1,1998/07/24,1998,205,7,12 Treymane Creek,Merthen,Helford,SW729259,-5.1762672,50.089704,172900,25900,1,1,0,NA,0,10,14,0,0,NA,0,0,NA,0,0,NA,0,18,W,4/8,Dry,18,NA,NA,NA,0.3,LN,Large Net,18.3,1.7,4,Beach Seine,NA,NA,NA,NA,,,,,,,,,NA,2000,Hauled
0,1,1998/07/31,1998,212,7,2 Bonallack Main River,Bonallack,Helford,SW718260,-5.1916800,50.090180,171800,26000,1,1,22,3.7,0,0,NA,0,0,NA,0,0,NA,0,0,NA,0,21,N,4/8,Dry,20,NA,NA,NA,0.9,LN,Large Net,18.3,1.7,4,Beach Seine,2,1530,1750,132,1055,2306,1717,,4.4,4.4,1.9,,NA,1400,Hauled
0,1,1998/08/05,1998,217,8,2 Bonallack Main River,Bonallack,Helford,SW718260,-5.1916800,50.090180,171800,26000,1,1,6,4.4,0,0,NA,0,0,NA,0,0,NA,0,0,NA,0,21,W,0/8,Dry,20,NA,NA,NA,1,LN,Large Net,18.3,1.7,4,Beach Seine,NA,NA,NA,NA,,,,,,,,,NA,5400,Hauled
0,1,1998/08/05,1998,217,8,2 Bonallack Main River,Bonallack,Helford,SW718260,-5.1916800,50.090180,171800,26000,1,1,0,NA,0,0,NA,0,0,NA,0,4,26,Yellow,0,NA,0,21,W,0/8,Dry,20,NA,NA,NA,0.3,RL,Rod and Line,1.83,1.7,4,Beach Seine,NA,NA,NA,NA,,,,,,,,,NA,NA,Hauled
0,1,1998/08/05,1998,217,8,2 Bonallack Main River,Bonallack,Helford,SW718260,-5.1916800,50.090180,171800,26000,1,0,0,NA,0,0,NA,0,0,NA,0,0,NA,0,0,NA,0,21,W,0/8,Dry,20,NA,NA,NA,0.3,RL,Rod and Line,1.83,1.7,4,Beach Seine,NA,NA,NA,NA,,,,,,,,,NA,NA,Hauled
0,1,1998/08/11,1998,223,8,12 Treymane Creek,Merthen,Helford,SW729259,-5.1762672,50.089704,172900,25900,1,1,1,4,0,0,NA,0,0,NA,0,0,NA,0,0,NA,0,25,W,0/8,Dry,23,NA,NA,NA,0.5,LN,Large Net,18.3,1.7,4,Beach Seine,NA,NA,NA,NA,,,,,,,,,NA,3000,Hauled
0,1,1998/08/18,1998,230,8,2 Bonallack Main River,Bonallack,Helford,SW718260,-5.1916800,50.090180,171800,26000,1,0,0,NA,0,0,NA,0,0,NA,0,0,NA,0,0,NA,0,23,NW,2/8,Dry,23,NA,NA,NA,2,LN,Large Net,18.3,1.7,4,Beach Seine,NA,NA,NA,NA,,,,,,,,,NA,650,Hauled
0,1,1998/08/18,1998,230,8,2 Bonallack Main River,Bonallack,Helford,SW718260,-5.1916800,50.090180,171800,26000,1,1,5,5,0,36,15,0,0,NA,0,1,23.3,Yellow,0,NA,0,23,NW,1/8,Dry,23,NA,NA,NA,2,LN,Large Net,18.3,1.7,4,Beach Seine,NA,NA,NA,NA,,,,,,,,,NA,760,Hauled
0,1,1998/08/19,1998,231,8,20 Head of Polwheveral Creek,Head of Polwheveral Creek,Helford,SW739284,-5.1637894,50.112535,173900,28400,1,1,82,5.1,0,1,16,0,0,NA,0,0,NA,0,0,NA,0,23,W,2/8,Dry,22,NA,NA,NA,1,LN,Large Net,18.3,1.7,4,Beach Seine,1,1540,1540,40,NA,1616,1035,,NA,4.8,1.5,,NA,820,Hauled
0,1,1998/08/19,1998,231,8,20 Head of Polwheveral Creek,Head of Polwheveral Creek,Helford,SW739284,-5.1637894,50.112535,173900,28400,1,0,0,NA,0,0,NA,0,0,NA,0,0,NA,0,0,NA,0,23,W,2/8,Dry,19.5,NA,NA,NA,1.5,LN,Large Net,18.3,1.7,4,Beach Seine,NA,NA,NA,NA,,,,,,,,,NA,270,Hauled
0,1,1998/08/28,1998,240,8,6 Gweek,Gweek,Helford,SW705265,-5.2101247,50.094169,170500,26500,0,1,18,5.8,0,1,16,0,0,NA,0,0,NA,0,0,NA,0,18,E,2/8,Dry,18,NA,NA,NA,0.5,LN,Large Net,18.3,1.7,4,Beach Seine,NA,NA,NA,NA,,,,,,,,,NA,7000,Hauled
0,1,1998/09/14,1998,257,9,17 Entrance of Porth Navas,Entrance of Porth Navas,Helford,SW754269,-5.1419603,50.099634,175400,26900,0,0,0,NA,0,0,NA,0,0,NA,0,0,NA,0,0,NA,0,14.5,NW,6/8,Dry,16.5,NA,NA,NA,1.2,LN,Large Net,18.3,1.7,4,Beach Seine,NA,NA,NA,NA,,,,,,,,,NA,1400,Hauled
0,1,1998/09/14,1998,257,9,18 The Bar,The Bar,Helford,SW757269,-5.1377720,50.099748,175700,26900,0,0,0,NA,0,0,NA,0,0,NA,0,0,NA,0,0,NA,0,14.5,NW,6/8,Dry,16.5,NA,NA,NA,1.2,LN,Large Net,18.3,1.7,4,Beach Seine,NA,NA,NA,NA,,,,,,,,,NA,660,Hauled
0,1,1998/09/21,1998,264,9,20 Head of Polwheveral Creek,Head of Polwheveral Creek,Helford,SW739284,-5.1637894,50.112535,173900,28400,1,1,1,5.3,0,0,NA,0,0,NA,0,0,NA,0,0,NA,0,18,ESE,0/8,Dry,20,NA,NA,NA,1,LN,Large Net,18.3,1.7,4,Beach Seine,NA,NA,NA,NA,,,,,,,,,NA,600,Hauled
1,1,1999/05/28,1999,148,5,20 Head of Polwheveral Creek,Head of Polwheveral Creek,Helford,SW739284,-5.1637894,50.112535,173900,28400,1,1,0,NA,0,4,10,0,0,NA,0,0,NA,0,0,NA,0,20,SW,2/8,Dry,18,0,0.3,rippled,0.9,LN,Large Net,18.3,1.8,5,Beach Seine,2,1615,1645,30,,1713,1138,,,4.9,1.1,,NA,430,Hauled
1,0,1999/06/10,1999,161,6,15 Groyne Point,Groyne Point,Helford,SW741262,-5.1596953,50.092855,174100,26200,0,0,0,NA,0,0,NA,0,0,NA,0,0,NA,0,0,NA,0,17,N,8/8,Dry,15,NA,NA,NA,2,LN,Large Net,18.3,1.8,5,Beach Seine,1,1615,1615,15,1510,2146,,,4.7,,1.3,,NA,550,Hauled
1,1,1999/06/10,1999,161,6,20 Head of Polwheveral Creek,Head of Polwheveral Creek,Helford,SW739284,-5.1637894,50.112535,173900,28400,1,0,0,NA,0,0,NA,0,0,NA,0,0,NA,0,0,NA,0,17,N,8/8,Dry,17,NA,NA,NA,0.6,LN,Large Net,18.3,1.8,5,Beach Seine,1,1430,1430,30,NA,1510,915,,,4.7,1.3,,NA,650,Hauled
1,1,1999/06/17,1999,168,6,17 Entrance of Porth Navas,Entrance of Porth Navas,Helford,SW754269,-5.1419603,50.099634,175400,26900,0,0,0,NA,0,0,NA,0,0,NA,0,0,NA,0,0,NA,0,18,NW,6/8,Dry,19,NA,NA,NA,1,CN,Combine Net,36.5,1.8,5,Beach Seine,1,1500,NA,NA,855,,1520,,5.1,,0.8,,NA,1100,Hauled
1,0,1999/06/17,1999,168,6,18 The Bar,The Bar,Helford,SW757269,-5.1377720,50.099748,175700,26900,0,0,0,NA,0,0,NA,0,0,NA,0,0,NA,0,0,NA,0,18,NW,6/8,Dry,19,NA,NA,NA,1.3,CN,Combine Net,36.5,1.8,5,Beach Seine,1,1400,NA,NA,855,,1520,,5.1,,0.8,,NA,1200,Hauled
1,1,1999/06/24,1999,175,6,2 Bonallack Main River,Bonallack,Helford,SW718260,-5.1916800,50.090180,171800,26000,1,0,0,NA,0,0,NA,0,0,NA,0,0,NA,0,0,NA,0,21,E,0/8,Dry,21,NA,NA,NA,1.5,CN,Combine Net,36.5,1.8,5,Beach Seine,2,1320,1450,78,,1513,916,,,4.4,1.7,,NA,2000,Hauled
1,1,1999/06/24,1999,175,6,2 Bonallack Main River,Bonallack,Helford,SW718260,-5.1916800,50.090180,171800,26000,1,1,0,NA,0,8,11,0,0,NA,0,0,NA,0,0,NA,0,21,E,0/8,Dry,22,0,0.3,rippled,1,CN,Combine Net,36.5,1.8,4,Beach Seine,1,1400,NA,NA,,1513,916,,,4.4,1.7,,NA,550,Hauled
0,1,1999/07/02,1999,183,7,15 Groyne Point,Groyne Point,Helford,SW741262,-5.1596953,50.092855,174100,26200,0,0,0,NA,0,0,NA,0,0,NA,0,0,NA,0,0,NA,0,19,SSE,8/8,Dry,17,NA,NA,NA,1.5,CN,Combine Net,36.5,1.8,5,Beach Seine,3,1440,1600,72,821,,1440,,4.8,,1.2,,NA,3600,Hauled
0,1,1999/07/08,1999,189,7,4 Bonallack Creek,Bonallack,Helford,SW712260,-5.2000544,50.089950,171800,26000,1,1,0,NA,0,3,10,0,45,20.3,0,0,NA,0,0,NA,0,24,E,1/8,Dry,22,NA,NA,NA,NA,LN,Large Net,18.3,1.8,5,Beach Seine,2,1240,1315,35,,1327,726,,,4.5,1.5,,NA,1000,Hauled
0,1,1999/07/08,1999,189,7,2 Bonallack Main River,Bonallack,Helford,SW718260,-5.1916800,50.090180,171800,26000,1,1,0,NA,0,0,NA,0,0,NA,0,0,NA,0,1,28.3,Orange,23,E,2/8,Dry,21,NA,NA,NA,2,RL,Rod and Line,1.83,NA,NA,Beach Seine,2,1130,1200,78,,1327,726,,,4.5,1.5,,NA,NA,Hauled
1,1,1999/07/16,1999,197,7,12 Merthen,Merthen,Helford,SW723258,-5.1845821,50.088576,172300,25800,1,1,0,NA,0,25,13,0,0,NA,0,0,NA,0,0,NA,0,18,SW,8/8,Dry,20,0.0033,0.25,rippled,0.7,LN,Large Net,18.3,1.8,5,Beach Seine,7,1355,1540,72,838,2050,1505,,5.1,5.5,0.7,,NA,1400,Hauled
0,1,1999/07/19,1999,200,7,19 Bosahan,Bosahan,Helford,SW773264,-5.1151426,50.095860,177300,26400,0,0,0,NA,0,0,NA,0,0,NA,0,0,NA,0,0,NA,0,18,SW,8/8,Rain,16,NA,NA,NA,1.5,LN,Large Net,18.3,1.8,5,Beach Seine,2,1655,1730,35,1037,2236,1700,,4.6,4.7,1.5,,NA,1100,Hauled
1,1,1999/08/03,1999,215,8,2 Bonallack Main Channel,Bonallack,Helford,SW718260,-5.1916800,50.090180,171800,26000,1,1,53,4.3,0,0,NA,0,0,NA,0,0,NA,0,0,NA,0,20,SW,8/8,Rain,20,0.0002,0.5,rippled,0.5,LN,Large Net,18.3,1.8,5,Beach Seine,5,1510,1615,63,1002,2216,1620,,4.8,4.9,1.2,,NA,1000,Hauled
1,1,1999/08/06,1999,218,8,20 Head of Polwheveral Creek,Head of Polwheveral Creek,Helford,SW739284,-5.1637894,50.112535,173900,28400,1,1,6,4.1,0,0,NA,0,0,NA,0,0,NA,0,0,NA,0,20,S,8/8,Rain,20,0.0001,0.4,rippled,0.6,LN,Large Net,18.3,1.8,5,Beach Seine,1,1215,1215,15,,1259,648,,,4.4,1.6,,NA,900,Hauled
1,1,1999/08/16,1999,228,8,15 Groyne Point,Groyne Point,Helford,SW741262,-5.1596953,50.092855,174100,26200,0,1,0,NA,0,1,16,0,0,NA,0,0,NA,0,0,NA,0,20,W,3/8,Dry,20,0.0032,0.4,wavelets,1.5,LN,Large Net,18.3,1.8,5,Beach Seine,4,1530,1700,78,920,1551,2123,,4.9,5,1.1,,NA,1300,Hauled
1,1,1999/08/20,1999,232,8,2 Bonallack Main River,Bonallack,Helford,SW718260,-5.1916800,50.090180,171800,26000,1,0,0,NA,0,0,NA,0,0,NA,0,0,NA,0,0,NA,0,20,E,7/8,Dry,21,NA,NA,NA,0.6,LN,Large Net,18.3,1.8,5,Beach Seine,4,1130,1240,66,,1157,603,,,4.2,2.1,,NA,1600,Hauled
1,1,1999/08/26,1999,238,8,20 Head of Polwheveral Creek,Head of Polwheveral Creek,Helford,SW739284,-5.1637894,50.112535,173900,28400,1,1,12,6.4,0,0,NA,0,0,NA,0,0,NA,0,0,NA,0,20,W,8/8,Dry,21,0.002,0.3,rippled,0.7,LN,Large Net,18.3,1.8,5,Beach Seine,1,1615,1615,15,,1757,1211,,,5.2,1.1,,NA,550,Hauled
1,1,1999/08/31,1999,243,8,12 Merthen,Merthen,Helford,SW723258,-5.1845821,50.088576,172300,25800,1,1,36,7.9,0,1,15,0,0,NA,0,0,NA,0,0,NA,0,24,W,7/8,Dry,21,0.0026,0.4,calm,0.6,LN,Large Net,18.3,1.8,5,Beach Seine,2,1435,1700,135,904,1525,2119,,5.1,5.2,0.9,,NA,3100,Hauled
1,1,1999/09/03,1999,246,9,9 Polpenwith Creek,Entrace Head of Polwheveral Creek,Helford,SW738271,-5.1644157,50.100823,173800,27100,0,1,4,7,0,0,NA,0,0,NA,0,0,NA,0,0,NA,0,19,W,8/8,Dry,20,0.0029,0.8,rippled,1,LN,Large Net,18.3,1.8,5,Beach Seine,10,1550,1755,126,1123,2353,1742,,4.6,4.5,1.7,,NA,1700,Hauled
0,1,1999/09/06,1999,249,9,20 Head of Polwheveral Creek,Head of Polwheveral Creek,Helford,SW739284,-5.1637894,50.112535,173900,28400,1,0,0,NA,0,0,NA,0,0,NA,0,0,NA,0,0,NA,0,24,SW,0/8,Dry,22,NA,NA,NA,0.7,LN,Large Net,18.3,1.8,5,Beach Seine,1,1500,1505,5,,1518,931,,,4.7,1.7,,NA,1030,Hauled
1,1,2000/05/15,2000,136,5,20 Head of Polwheveral Creek,Head of Polwheveral Creek,Helford,SW739284,-5.1637894,50.112535,173900,28400,1,1,0,NA,0,42,11,0,0,NA,0,0,NA,0,0,NA,0,18,SW,2/8,Dry,20,0,0.6,rippled,1,LN,Large Net,18.3,1.7,4,Beach Seine,3,1530,1555,25,1630,,2300,,4.5,,1.2,,NA,420,Hauled
1,1,2000/06/06,2000,158,6,1 Entrance Ruan Creek,Entrance Ruan Creek,Fal,SW855407,-5.0087187,50.227309,185500,40700,1,1,0,NA,0,33,11,0,0,NA,0,0,NA,0,0,NA,0,18,WNW,3/8,Dry,17,0,0.3,wavelets,1,LN,Large Net,18.3,1.8,5,Beach Seine,3,1445,1520,35,840,2110,1530,,4.9,5.2,0.7,,NA,1300,Hauled
1,1,2000/06/12,2000,164,6,2 Bonallack Main River,Bonallack,Helford,SW718260,-5.1916800,50.090180,171800,26000,1,1,0,NA,0,9,12,0,0,NA,0,0,NA,0,0,NA,0,19,SW,8/8,Rain,18,0,0.3,wavelets,1.5,LN,Large Net,18.3,1.7,4,Beach Seine,3,1500,1540,40,,1509,913,2138,,4.5,1.5,1.5,NA,1380,Hauled
1,1,2000/07/21,2000,203,7,1 Entrance Ruan Creek,Entrance Ruan Creek,Fal,SW855407,-5.0087187,50.227309,185500,40700,1,1,0,NA,0,0,NA,0,3,21.8,Yellow,0,NA,0,0,NA,0,23,E,0/8,Dry,24,0.022,0.5,wavelets,1.25,LN,Large Net,18.3,1.8,5,Beach Seine,6,1350,1620,138,904,2110,1519,,4.8,4.9,1.3,,NA,3850,Hauled
0,1,2000/07/25,2000,207,7,20 Head of Polwheveral Creek,Head of Polwheveral Creek,Helford,SW739284,-5.1637894,50.112535,173900,28400,1,0,0,NA,0,0,NA,0,0,NA,0,0,NA,0,0,NA,0,18,E,8/8,Dry,18,NA,NA,NA,0.2,LN,Large Net,18.3,1.8,5,Beach Seine,1,1205,1205,5,1205,,1829,,4.3,,1.8,,NA,660,Hauled
1,1,2000/07/31,2000,213,7,12 Treymane Creek,Merthen,Helford,SW729259,-5.1762672,50.089704,172900,25900,1,1,0,NA,0,27,15,0,0,NA,0,0,NA,0,0,NA,0,27,SW,6/8,Dry,24,0,0.6,rippled,0.3,LN,Large Net,18.3,1.8,4,Beach Seine,5,1200,1335,81,606,1824,1246,,5.2,5.5,0.6,,NA,594,Hauled
1,1,2000/08/07,2000,220,8,2 Bonallack Main River,Bonallack,Helford,SW718260,-5.1916800,50.090180,171800,26000,1,1,48,4.5,0,19,16,0,0,NA,0,0,NA,0,0,NA,0,24,W,4/8,Dry,26,0,0.3,rippled,1,LN,Large Net,18.3,1.8,4,Beach Seine,8,1605,1855,150,1128,2322,1749,,4.4,4.4,1.7,,NA,NA,Hauled
1,1,2000/08/11,2000,224,8,2 Lamorran,Lamorran,Fal,SW878417,-4.9770780,50.237120,187800,41700,1,1,3,3.6,0,0,NA,0,0,NA,0,0,NA,0,0,NA,0,23,S,3/8,Dry,25,0.003,0.6,rippled,0.85,LN,Large Net,18.3,1.8,5,Beach Seine,2,1545,2000,249,1542,,2222,,4.4,,1.8,,NA,6000,Stop Net
1,1,2000/08/29,2000,242,8,2 Lamorran,Lamorran,Fal,SW878417,-4.9770780,50.237120,187800,41700,1,1,0,NA,0,2,16,0,0,NA,0,0,NA,0,0,NA,0,18.5,SSE,7/8,Dry,20,0.0025,0.3,rippled,1,LN,Large Net,18.3,1.8,5,Beach Seine,3,1645,1725,80,,1811,1234,,,5.6,0.6,,NA,1000,Hauled
1,1,2000/09/11,2000,255,9,15 Groyne Point,Groyne Point,Helford,SW741262,-5.1596953,50.092855,174100,26200,0,1,0,NA,0,0,NA,0,2,28.25,Yellow,0,NA,0,0,NA,0,21,W,8/8,Dry,19,0,1,wavelets,1,LN,Large Net,18.3,1.7,4,Beach Seine,5,1030,1215,87,433,1648,1109,,4.6,4.9,1.5,,NA,2400,Hauled
1,1,2001/05/11,2001,131,5,1 Entrance Ruan Creek,Entrance Ruan Creek,Fal,SW855407,-5.0087187,50.227309,185500,40700,1,1,0,NA,0,0,NA,0,2,17.6,0,0,NA,0,0,NA,0,17,E,0/8,Dry,16,0,0.4,rippled,1,RL,Rod and Line,1.83,NA,NA,Rod and Line,1,1500,1615,69,822,2028,1501,,4.9,5,1.2,,NA,NA,Hauled
1,1,2001/05/21,2001,141,5,20 Head of Polwheveral Creek,Head of Polwheveral Creek,Helford,SW739284,-5.1637894,50.112535,173900,28400,1,1,0,NA,0,31,10,0,0,NA,0,0,NA,0,0,NA,0,17,E,6/8,Dry,18,0,0.6,rippled,1,CN,Combine Net,27.4,1.8,5,Beach Seine,1,1630,1630,30,,1714,1123,,,5,1.1,,NA,1190,Hauled
1,1,2001/05/24,2001,144,5,1 Entrance Ruan Creek,Entrance Ruan Creek,Fal,SW855407,-5.0087187,50.227309,185500,40700,1,1,0,NA,0,0,NA,0,2,18,0,0,NA,0,0,NA,0,21,E,0/8,Dry,20,0,0.7,rippled,1,RL,Rod and Line,1.83,NA,NA,Rod and Line,1,1230,1400,78,655,1913,1329,,5.2,5.3,0.8,,NA,NA,Hauled
1,1,2001/06/07,2001,158,6,1 Entrance Ruan Creek,Entrance Ruan Creek,Fal,SW855407,-5.0087187,50.227309,185500,40700,1,1,0,NA,0,0,NA,0,1,18.5,0,0,NA,0,0,NA,0,15,WNW,5/8,Dry,18,0,0.4,wavelets,1.2,LN,Large Net,18.3,1.8,5,Beach Seine,4,1240,1400,72,649,1903,1332,,5.1,5.2,0.9,,NA,2200,Hauled
1,1,2001/06/18,2001,169,6,2 Lamorran,Lamorran,Fal,SW878417,-4.9770780,50.237120,187800,41700,1,1,0,NA,0,0,NA,0,5,19.2,0,0,NA,0,0,NA,0,17,SE,8/8,Dry,19,0,1,rippled,2,CN,Combine Net,34.1,2.8,5,Beach Seine,1,1945,1945,45,1551,,2218,,4.8,,1.5,,NA,NA,Stop Net
1,1,2001/06/18,2001,169,6,2 Lamorran,Lamorran,Fal,SW878417,-4.9770780,50.237120,187800,41700,1,1,0,NA,0,20,9.6,0,0,NA,0,0,NA,0,0,NA,0,17,SE,8/8,Dry,19,0,1,rippled,1,SN,Small Net,9.1,1.7,4,Beach Seine,1,1600,NA,NA,1551,,2218,,4.8,,1.5,,NA,250,Hauled
1,1,2001/07/14,2001,195,7,3 Gorrangorras Creek,Gorrangorras Creek,Fal,SW793345,-5.0919104,50.169348,179300,34500,0,1,0,NA,0,20,14,0,23,22.5,Yellow,20,27.6,Yellow,0,NA,0,17.5,W,6/8,Dry,20,0,1.3,rippled,1.4,CN,Combine Net,34.1,2.8,5,Beach Seine,1,1205,1500,153,1150,,1808,,4.3,,2,,NA,7000,Stop Net
0,1,2001/07/19,2001,200,7,2 Lamorran,Lamorran,Fal,SW878417,-4.9770780,50.237120,187800,41700,1,1,0,NA,0,0,NA,0,0,NA,0,1,27,Yellow,0,NA,0,19,NW,1/8,Dry,21,0,1,rippled,0.5,LN,Large Net,18.3,1.8,5,Beach Seine,1,1710,2015,183,1702,,2342,,5,,1,,NA,3000,Stop Net
1,0,2001/07/31,2001,212,7,2 Lamorran,Lamorran,Fal,SW878417,-4.9770780,50.237120,187800,41700,1,0,0,NA,0,0,NA,0,0,NA,0,0,NA,0,0,NA,0,22,NW,8/8,Dry,23,NA,NA,NA,0.5,CN,Combine Net,27.4,1.8,5,Beach Seine,1,1535,1915,204,1529,,2209,,4.5,,1.7,,NA,NA,Stop Net
1,1,2001/08/02,2001,214,8,20 Head of Polwheveral Creek,Head of Polwheveral Creek,Helford,SW739284,-5.1637894,50.112535,173900,28400,1,1,1,5,0,31,15,0,0,NA,0,0,NA,0,0,NA,0,22,NW,8/8,Dry,22,0,0.5,rippled,1,CN,Combine Net,27.4,1.8,5,Beach Seine,1,1655,1710,55,,1707,1132,,,4.8,1.5,,NA,1150,Hauled
1,0,2001/08/14,2001,226,8,3 Gorrangorras Creek,Gorrangorras Creek,Fal,SW793345,-5.0919104,50.169348,179300,34500,0,1,14,5.5,0,66,15,0,10,19.2,0,22,26.5,Yellow,0,NA,0,21,SE,3/8,Dry,21,0,1.5,rippled,1.3,CN,Combine Net,38.6,1.8,5,Beach Seine,1,1320,1645,195,1314,,1958,,4.3,,2,,NA,7000,Stop Net
1,1,2001/08/17,2001,229,8,4 Cowlands Creek,Cowlands Creek,Fal,SW830408,-5.0437747,50.227294,183000,40800,0,0,0,NA,0,0,NA,0,0,NA,0,0,NA,0,0,NA,0,19,SE,8/8,Dry,19,NA,NA,NA,1,CN,Combine Net,27.4,1.8,5,Beach Seine,1,1605,1605,5,,1645,1057,,,5.1,1.3,,NA,600,Hauled
1,1,2001/08/23,2001,235,8,12 Merthen,Merthen,Helford,SW723258,-5.1845821,50.088576,172300,25800,1,1,1,5,0,12,16,0,0,NA,0,0,NA,0,0,NA,0,22,W,8/8,Dry,23,NA,NA,NA,0.25,CN,Combine Net,27.4,1.8,5,Beach Seine,1,1425,1520,55,923,2135,1545,,5.3,5.4,0.6,,NA,1000,Hauled
1,1,2001/08/30,2001,242,8,4 Cowlands Creek,Cowlands Creek,Fal,SW830408,-5.0437747,50.227294,183000,40800,0,1,0,NA,0,2,16,0,2,21,Yellow,0,NA,0,0,NA,0,19,NW,5/8,Dry,21,0,1,calm,1,LN,Large Net,18.3,1.8,5,Beach Seine,2,1630,1650,20,,1602,1024,,,4.5,1.9,,NA,600,Hauled
1,1,2001/08/31,2001,243,8,2 Lamorran,Lamorran,Fal,SW879417,-4.9756776,50.237156,187900,41700,1,1,0,NA,0,2,NA,0,0,NA,0,0,NA,0,0,NA,0,19,NW,7/8,Dry,19,NA,NA,NA,1,LN,Large Net,18.3,1.8,5,Beach Seine,2,1615,1650,35,,1647,1115,,,4.6,1.6,,NA,880,Hauled
1,1,2001/09/07,2001,250,9,5 Blaze Bar,Blaze Bar,Fal,SW848405,-5.0184050,50.225258,184800,40500,0,1,0,NA,0,2,16,0,1,20.7,Yellow,0,NA,0,0,NA,0,19,W,8/8,Dry,19,0,1,rippled,1.4,LN,Large Net,18.3,1.8,5,Beach Seine,2,1435,1500,65,842,2050,1456,,4.9,5,1.2,,NA,800,Hauled
0,1,2001/09/07,2001,250,9,1 Entrance Ruan Creek,Entrance Ruan Creek,Fal,SW855407,-5.0087187,50.227309,185500,40700,1,0,0,NA,0,0,NA,0,0,NA,0,0,NA,0,0,NA,0,20,W,8/8,Dry,19,NA,NA,NA,0.9,LN,Large Net,18.3,1.8,5,Beach Seine,1,1530,1530,30,842,2050,1456,,4.9,5,1.2,,NA,330,Hauled
0,1,2001/09/18,2001,261,9,6 Turnaware Bar,Channals Creek,Fal,SW835383,-5.0353486,50.205026,183500,38300,0,0,0,NA,0,0,NA,0,0,NA,0,0,NA,0,0,NA,0,17,N,4/8,Dry,18,NA,NA,NA,0.75,LN,Large Net,18.3,1.8,5,Beach Seine,2,1220,1300,40,638,1855,,,5.5,5.8,0.3,,NA,1000,Hauled
0,1,2001/09/28,2001,271,9,3 Gorrangorras Creek,Gorrangorras Creek,Fal,SW793345,-5.0919104,50.169348,179300,34500,0,1,0,NA,0,0,NA,0,1,23.2,Yellow,0,NA,0,0,NA,0,19,S,2/8,Dry,19,0.035,1,wavelets,1,LN,Large Net,18.3,1.8,5,Beach Seine,4,1425,1550,75,,1537,1001,,,4.5,2.1,,NA,1700,Hauled
1,0,2001/10/29,2001,302,10,20 Head of Polwheveral Creek,Head of Polwheveral Creek,Helford,SW739284,-5.1637894,50.112535,173900,28400,1,1,1,7.6,0,0,NA,0,0,NA,0,1,25.5,Yellow,0,NA,0,15,SW,8/8,Dry,16,0,1,rippled,0.75,LN,Large Net,18.3,1.8,5,Beach Seine,1,1500,NA,NA,1529,,2212,,5,,1.4,,NA,550,Hauled
1,1,2002/05/31,2002,151,5,3 Gorrangorras Creek,Gorrangorras Creek,Fal,SW793345,-5.0919104,50.169348,179300,34500,0,1,0,NA,0,1,11,0,0,NA,0,0,NA,0,0,NA,0,14,SE,0/8,Dry,18,0,0.8,rippled,1,LN,Large Net,18.3,1.8,4,Beach Seine,2,2000,2030,30,,2117,1551,,,4.8,1.5,,NA,770,Hauled
1,1,2002/06/18,2002,169,6,20 Head of Polwheveral Creek,Head of Polwheveral Creek,Helford,SW739284,-5.1637894,50.112535,173900,28400,1,1,0,NA,0,7,11,0,0,NA,0,0,NA,0,0,NA,0,19,SW,6/8,Dry,21,0,0.6,rippled,0.3,LN,Large Net,18.3,1.8,4,Beach Seine,1,1230,1230,30,,1157,555,,,4.5,1.5,,NA,550,Hauled
1,1,2002/06/20,2002,171,6,7 Polingey Creek,Polingey Creek,Fal,SW866351,-4.9901719,50.177412,186600,35100,0,0,0,NA,0,0,NA,0,0,NA,0,0,NA,0,0,NA,0,19,SSW,6/8,Dry,21,NA,NA,NA,0.7,SN,Small Net,9.1,1.7,4,Beach Seine,1,1520,1630,66,1415,,2045,,4.6,,1.5,,NA,100,Hauled
0,1,2002/06/25,2002,176,6,4 Cowlands Creek,Cowlands Creek,Fal,SW830408,-5.0437747,50.227294,183000,40800,0,1,0,NA,0,1,12,0,0,NA,0,0,NA,0,0,NA,0,19.5,WNW,2/8,Dry,19.5,0,0.5,rippled,1,CN,Combine Net,27.4,1.8,5,Beach Seine,2,1700,1730,30,,1833,1256,,,5.2,0.9,,NA,1050,Hauled
1,1,2002/07/11,2002,192,7,4 Cowlands Creek,Cowlands Creek,Fal,SW830408,-5.0437747,50.227294,183000,40800,0,0,0,NA,0,0,NA,0,0,NA,0,0,NA,0,0,NA,0,20,SW,4/8,Dry,18,NA,NA,NA,1,CN,Combine Net,27.4,1.8,5,Beach Seine,1,1700,NA,NA,,1900,1317,,,5,1,,NA,460,Hauled
0,1,2002/07/16,2002,197,7,7 Polingey Creek,Polingey Creek,Fal,SW866351,-4.9901719,50.177412,186600,35100,0,0,0,NA,0,0,NA,0,0,NA,0,0,NA,0,0,NA,0,21,NW,6/8,Dry,24,NA,NA,NA,0.5,CN,Combine Net,27.4,1.8,5,Beach Seine,1,1340,1340,40,1040,,1701,,4.8,,1.3,,NA,170,Hauled
1,1,2002/07/22,2002,203,7,20 Head of Polwheveral Creek,Head of Polwheveral Creek,Helford,SW739284,-5.1637894,50.112535,173900,28400,1,1,0,NA,0,1,14,0,0,NA,0,0,NA,0,0,NA,0,18,NW,8/8,Dry,22,0,0.6,rippled,0.6,CN,Combine Net,27.4,1.8,5,Beach Seine,1,1625,1635,10,,1646,1105,,,4.9,1.4,,NA,820,Hauled
1,1,2002/07/26,2002,207,7,4 Cowlands Creek,Cowlands Creek,Fal,SW830408,-5.0437747,50.227294,183000,40800,0,0,0,NA,0,0,NA,0,0,NA,0,0,NA,0,0,NA,0,20,W,8/8,Dry,20,NA,NA,NA,0.7,CN,Combine Net,27.4,1.8,5,Beach Seine,1,1805,1805,5,,1934,1406,,,5.2,0.6,,NA,600,Hauled
1,1,2002/07/29,2002,210,7,2 Bonallack Main River,Bonallack,Helford,SW718260,-5.1916800,50.090180,171800,26000,1,1,139,3.5,0,0,NA,0,0,NA,0,0,NA,0,0,NA,0,18,SW,5/8,Dry,23,0,0.6,rippled,0.6,CN,Combine Net,27.4,1.8,5,Beach Seine,4,1405,1705,180,908,2116,1541,,4.7,4.9,1.4,,8,NA,Net held
1,1,2002/08/03,2002,215,8,3 Gorrangorras Creek,Gorrangorras Creek,Fal,SW793345,-5.0919104,50.169348,179300,34500,0,1,30,3.6,0,10,14,0,6,15.9,0,10,22.1,Yellow,0,NA,0,21,NW,3/8,Dry,24,0,1.2,wavelets,1.3,CN,Combine Net,37.1,2.8,4,Beach Seine,1,1300,1600,180,1257,,1935,,4.1,,2.1,,NA,7000,Stop Net
1,1,2002/08/15,2002,227,8,7 Polingey Creek,Polingey Creek,Fal,SW866351,-4.9901719,50.177412,186600,35100,0,1,500,5.5,0,0,NA,0,0,NA,0,0,NA,0,0,NA,0,23,W,6/8,Dry,25,0,0.5,calm,0.45,SN,Small Net,9.1,1.7,4,Beach Seine,1,1500,NA,NA,1104,,1723,,4.8,,1.4,,NA,110,Hauled
0,1,2002/08/23,2002,235,8,4 Cowlands Creek,Cowlands Creek,Fal,SW830408,-5.0437747,50.227294,183000,40800,0,1,1,5.5,0,0,NA,0,0,NA,0,0,NA,0,0,NA,0,22.5,W,4/8,Dry,22,0,1,calm,1,CN,Combine Net,27.4,1.8,5,Beach Seine,1,1730,1730,30,,1835,1311,,,5.2,1,,NA,560,Hauled
1,1,2002/08/27,2002,239,8,8 Ruan Creek Ardevora Veor,Ruan Creek,Fal,SW874413,-4.9824549,50.233384,187400,41300,1,0,0,NA,0,0,NA,0,0,NA,0,0,NA,0,0,NA,0,22,Calm,0/8,Dry,23,NA,NA,NA,0.6,CN,Combine Net,27.4,1.8,5,Beach Seine,1,1720,1730,10,,2028,1508,,,5,1.3,,NA,NA,Net held
1,1,2002/08/30,2002,242,8,7 Polingey Creek,Polingey Creek,Fal,SW866351,-4.9901719,50.177412,186600,35100,0,1,20,6.3,0,0,NA,0,0,NA,0,0,NA,0,0,NA,0,19,W,8/8,Dry,20,0,0.35,rippled,0.4,SN,Small Net,9.1,1.7,4,Beach Seine,1,1220,1220,20,1010,,1619,,4.4,,1.8,,NA,240,Hauled
0,1,2002/09/02,2002,245,9,7 Polingey Creek,Polingey Creek,Fal,SW866351,-4.9901719,50.177412,186600,35100,0,0,0,NA,0,0,NA,0,0,NA,0,0,NA,0,0,NA,0,21,NE,0/8,Dry,23,NA,NA,NA,0.4,SN,Small Net,9.1,1.7,4,Beach Seine,1,1415,1415,15,1321,,2016,,4.2,,2.2,,NA,110,Hauled
1,1,2002/09/09,2002,252,9,9 Carick Carly's Rock,Carick Carly's Rock,Fal,SW823371,-5.0514523,50.193808,182300,37100,0,0,0,NA,0,0,NA,0,0,NA,0,0,NA,0,0,NA,0,19,S,8/8,Dry,17,NA,NA,NA,1,SN,Small Net,9.1,1.7,4,Beach Seine,1,1400,NA,NA,742,1958,1417,,5.5,5.7,0.3,,NA,274,Hauled
1,1,2002/09/23,2002,266,9,15 Groyne Point,Groyne Point,Helford,SW741262,-5.1596953,50.092855,174100,26200,0,1,13,8.1,0,0,NA,0,0,NA,0,0,NA,0,0,NA,0,17,E,2/8,Dry,17.5,0,0.7,wavelets,1.5,CN,Combine Net,27.4,1.8,5,Beach Seine,4,1245,1350,63,705,,1349,,5.1,,1,,NA,3280,Hauled
0,1,2002/09/27,2002,270,9,10 Restronguest Weir,Restronguest Weir,Fal,SW823371,-5.0514523,50.193808,182300,37100,0,0,0,NA,0,0,NA,0,0,NA,0,0,NA,0,0,NA,0,19,E,8/8,Dry,17.5,NA,NA,NA,1.5,SN,Small Net,9.1,1.7,4,Beach Seine,2,1430,1510,40,902,,1516,,4.8,,1.5,,NA,1130,Hauled
1,1,2003/06/12,2003,163,6,20 Head of Polwheveral Creek,Head of Polwheveral Creek,Helford,SW739284,-5.1637894,50.112535,173900,28400,1,1,0,NA,0,2500,11,0,0,NA,0,0,NA,0,0,NA,0,17.5,W,7/8,Dry,21,0.5,0.4,rippled,1.1,CN,Combine Net,27.4,1.8,5,Beach Seine,1,1600,NA,NA,,1624,1039,,,5,1,,NA,740,Hauled
0,1,2003/06/23,2003,174,6,2 Bonallack Main River,Bonallack,Helford,SW712262,-5.2001742,50.091746,171200,26200,1,1,0,NA,0,121,11,0,0,NA,0,0,NA,0,0,NA,0,21,W,3/8,Dry,21,0.5,0.5,rippled,1.8,LN,Large Net,18.3,1.8,5,Beach Seine,3,1250,1410,72,,1324,714,,,4.2,1.8,,NA,990,Hauled
1,1,2003/06/26,2003,177,6,11 Channals Creek,Channals Creek,Fal,SW833391,-5.0386039,50.212137,183300,39100,0,0,0,NA,0,0,NA,0,0,NA,0,0,NA,0,0,NA,0,24,SW,6/8,Dry,19,NA,NA,NA,1,LN,Large Net,18.3,1.8,5,Beach Seine,2,1445,1510,25,,1557,1007,,,4.6,1.6,,NA,770,Hauled
1,1,2003/07/07,2003,188,7,2 Lamorran,Lamorran,Fal,SW879417,-4.9756776,50.237156,187900,41700,1,1,0,NA,0,3,11,0,0,NA,0,0,NA,0,0,NA,0,23,Calm,5/8,Dry,18.5,0.5,0.2,calm,1,LN,Large Net,18.3,1.8,5,Beach Seine,2,1130,1200,30,,1137,538,,,4.5,1.5,,NA,1250,Hauled
0,1,2003/07/11,2003,192,7,2 Lamorran,Lamorran,Fal,SW879417,-4.9756776,50.237156,187900,41700,1,1,0,NA,0,240,11,0,1,23.4,Yellow,0,NA,0,0,NA,0,23,W,0/8,Dry,23,0,0.3,rippled,1.3,LN,Large Net,18.3,1.8,5,Beach Seine,2,1540,1630,50,,1603,1015,,,4.8,1.5,,NA,1210,Hauled
1,1,2003/07/18,2003,199,7,12 Ruan Lanihorne,Ruan Lanihorne,Fal,SW887417,-4.9644750,50.237442,188700,41700,0,1,19,3.3,0,0,NA,0,0,NA,0,0,NA,0,0,NA,0,22,S,7/8,Dry,21,0.5,0.3,wavelets,0.6,SN,Small Net,9.1,1.7,4,Beach Seine,4,1445,1600,93,926,,1551,,4.6,,1.2,,NA,1800,Hauled
1,1,2003/07/22,2003,203,7,7 Polingey Creek,Polingey Creek,Fal,SW866351,-4.9901719,50.177412,186600,35100,0,1,300,5.1,0,0,NA,0,0,NA,0,0,NA,0,0,NA,0,20,W,8/8,Dry,22,0,0.5,rippled,0.3,SN,Small Net,9.1,1.7,4,Beach Seine,1,1330,1330,30,1201,,1834,,4.2,,2,,NA,135,Hauled
1,1,2003/08/22,2003,234,8,7 Polingey Creek,Polingey Creek,Fal,SW866351,-4.9901719,50.177412,186600,35100,0,0,0,NA,0,0,NA,0,0,NA,0,0,NA,0,0,NA,0,25,SW,8/8,Dry,23.5,NA,0.8,rippled,0.3,SN,Small Net,9.1,1.7,4,Beach Seine,1,1345,1345,45,,1312,713,,,4.1,2.3,,NA,135,Hauled
1,1,2003/09/23,2003,266,9,1 Entrance Ruan Creek,Entrance Ruan Creek,Fal,SW855407,-5.0087187,50.227309,185500,40700,1,1,1,9,0,0,NA,0,0,NA,0,0,NA,0,0,NA,0,18,NW,4/8,Dry,16,0,0.5,wavelets,0.7,LN,Large Net,18.3,1.8,5,Beach Seine,3,1000,1200,120,,1614,1020,,,4.9,1.7,,6,1600,Net held
0,1,2004/05/15,2004,136,5,7 Polingey Creek,Polingey Creek,Fal,SW866351,-4.9901719,50.177412,186600,35100,0,0,0,NA,0,0,NA,0,0,NA,0,0,NA,0,0,NA,0,20,L,0/8,Dry,23,NA,NA,NA,0.7,SN,Small Net,9.1,1.7,4,Beach Seine,3,1630,1745,69,1007,2228,1557,,1.4,1.4,4.7,,NA,140,Hauled
1,1,2004/06/08,2004,160,6,9 Scotts Quay,Entrace Head of Polwheveral Creek,Helford,SW738274,-5.1645934,50.103517,173800,27400,0,1,0,NA,0,0,NA,0,18,18.8,0,0,NA,0,0,NA,0,22,S,7/8,Dry,21,0,0.6,wavelets,1.5,CN,Combine Net,27.4,1.8,5,Beach Seine,3,1220,1330,66,1020,2228,1637,,4.7,4.9,1.4,,NA,2460,Hauled
0,1,2004/06/15,2004,167,6,20 Head of Polwheveral Creek,Head of Polwheveral Creek,Helford,SW739284,-5.1637894,50.112535,173900,28400,1,1,0,NA,0,46,13,0,115,18.7,0,0,NA,0,0,NA,0,25,N,0/8,Dry,27,0,0.6,rippled,0.7,CN,Combine Net,27.4,1.8,5,Beach Seine,1,1635,1645,10,,1642,1100,,,4.8,1.4,,NA,520,Hauled
1,0,2004/06/16,2004,168,6,7 Polingey Creek,Polingey Creek,Fal,SW866351,-4.9901719,50.177412,186600,35100,0,0,0,NA,0,0,NA,0,0,NA,0,0,NA,0,0,NA,0,22,SW,5/8,Dry,23,NA,1,rippled,0.6,SN,Small Net,9.1,1.7,4,Beach Seine,2,1850,2000,66,1720,,2401,,4.9,,1.3,,NA,130,Hauled
1,0,2004/06/21,2004,173,6,12 Ruan Lanihorne,Ruan Lanihorne,Fal,SW887417,-4.9644750,50.237442,188700,41700,0,1,0,NA,0,0,NA,0,1,18.7,0,0,NA,0,0,NA,0,20,S,7/8,Dry,18,0.5,0.3,calm,0.5,NA,NA,NA,NA,NA,Beach Seine,4,1710,1800,50,,2016,1434,,,4.9,1.4,,5,42,Net held
0,1,2004/07/01,2004,183,7,2 Lamorran,Lamorran,Fal,SW879417,-4.9756776,50.237156,187900,41700,1,1,0,NA,0,3,13,0,4,17.6,0,0,NA,0,0,NA,0,17,W,8/8,Shower,19,0,0.4,calm,1.5,CN,Combine Net,27.4,1.8,5,Beach Seine,1,1640,1640,40,442,1711,1125,,4.9,5.1,1.1,,NA,980,Hauled
1,0,2004/07/14,2004,196,7,5 Blaze Bar,Blaze Bar,Fal,SW848405,-5.0184050,50.225258,184800,40500,0,1,0,NA,0,0,NA,0,0,NA,0,4,18.2,0,0,NA,0,17.5,SW,8/8,Mist,17.5,0.035,1,calm,1,CN,Combine Net,27.4,1.8,5,Beach Seine,2,1030,1110,40,342,1609,1019,,4.3,4.6,1.9,,NA,1050,Hauled
1,0,2004/07/21,2004,203,7,12 Merthen,Merthen,Helford,SW723258,-5.1845821,50.088576,172300,25800,1,1,0,NA,0,12,15,0,6,20.1,0,0,NA,0,0,NA,0,21,W,5/8,Dry,19.5,0,0.3,rippled,1,CN,Combine Net,27.4,1.8,5,Beach Seine,8,1345,1525,84,837,2044,1458,,4.7,5,1.3,,NA,1000,Hauled
1,0,2004/07/23,2004,205,7,5 Blaze Bar,Blaze Bar,Fal,SW848405,-5.0184050,50.225258,184800,40500,0,1,0,NA,0,0,NA,0,6,19.6,0,0,NA,0,0,NA,0,22,W,3/8,Dry,18,0,1,rippled,2,CN,Combine Net,27.4,1.8,5,Beach Seine,3,1330,1415,45,949,,1604,,4.8,,1.4,,NA,2460,Hauled
1,0,2004/07/29,2004,211,7,7 Polingey Creek,Polingey Creek,Fal,SW866351,-4.9901719,50.177412,186600,35100,0,1,0,NA,0,2,15,0,5,17.2,0,0,NA,0,0,NA,0,22,SSW,8/8,Rain,21,0,0.76,wavelets,0.6,CN,Combine Net,27.4,1.8,5,Beach Seine,1,1600,NA,NA,,1559,1009,,,4.8,1.5,,NA,1050,Hauled
1,0,2004/08/07,2004,220,8,7 Polingey Creek,Polingey Creek,Fal,SW866351,-4.9901719,50.177412,186600,35100,0,1,3,6.4,0,1,15,0,0,NA,0,0,NA,0,0,NA,0,22,S,0/8,Dry,21,0,1,calm,0.6,CN,Combine Net,27.4,1.8,5,Beach Seine,1,1040,1040,40,,1039,453,,,4.6,1.3,,NA,1640,Hauled
1,0,2004/08/13,2004,226,8,20 Head of Polwheveral Creek,Head of Polwheveral Creek,Helford,SW739284,-5.1637894,50.112535,173900,28400,1,1,32,6.2,0,0,NA,0,0,NA,0,0,NA,0,0,NA,0,20,SW,8/8,Shower,23,0,0.8,rippled,1,CN,Combine Net,27.4,1.8,5,Beach Seine,1,1630,1630,30,,1633,1048,,,4.7,1.8,,NA,550,Hauled
1,0,2004/08/14,2004,227,8,7 Polingey Creek,Polingey Creek,Fal,SW866351,-4.9901719,50.177412,186600,35100,0,0,0,NA,0,0,NA,0,0,NA,0,0,NA,0,0,NA,0,20,S,8/8,Light Drizzle,22,NA,NA,NA,0.8,CN,Combine Net,27.4,1.8,5,Beach Seine,2,1710,1800,50,,1717,1138,,,4.9,1.5,,NA,2440,Hauled
1,0,2004/09/01,2004,245,9,5 Blaze Bar,Blaze Bar,Fal,SW848405,-5.0184050,50.225258,184800,40500,0,1,0,NA,0,0,NA,0,1,21,Yellow,0,NA,0,0,NA,0,19,E,5/8,Dry,18,0.035,0.6,rippled,1.5,CN,Combine Net,27.4,1.8,5,Beach Seine,1,1210,1210,10,743,,1417,,5.3,,0.5,,NA,600,Hauled
1,1,2004/09/01,2004,245,9,1 Entrance Ruan Creek,Entrance Ruan Creek,Fal,SW855407,-5.0087187,50.227309,185500,40700,1,1,21,7.2,0,0,NA,0,0,NA,0,0,NA,0,0,NA,0,20,E,5/8,Dry,20,0,0.15,rippled,0.6,CN,Combine Net,27.4,1.8,5,Beach Seine,5,1340,1450,66,743,,1417,,5.3,,0.5,,NA,600,Hauled
1,1,2004/09/01,2004,245,9,1 Ruan Creek,Entrance Ruan Creek,Fal,SW858405,-5.0044058,50.225621,185800,40500,1,1,21,7.2,0,0,NA,0,0,NA,0,0,NA,0,0,NA,0,20,E,5/8,Dry,20,NA,0.15,rippled,0.6,LN,Large Net,27.4,1.8,5,Beach Seine,1,1340,1450,66,743,,1417,,5.3,,0.5,,NA,600,Hauled
1,0,2004/09/05,2004,249,9,9 Scotts Quay,Entrace Head of Polwheveral Creek,Helford,SW738274,-5.1645934,50.103517,173800,27400,0,1,0,NA,0,1,16,0,10,22.6,Yellow,0,NA,0,0,NA,0,22,NE,0/8,Dry,20,NA,1.2,rippled,1,CN,Combine Net,27.4,1.8,5,Beach Seine,4,1130,1300,78,944,1621,,,4.7,,1.5,,NA,900,Hauled
1,0,2004/09/28,2004,272,9,15 Groyne Point,Groyne Point,Helford,SW741262,-5.1596953,50.092855,174100,26200,0,1,0,NA,0,0,NA,0,1,23.5,Yellow,0,NA,0,0,NA,0,17,W,8/8,Dry,15.5,0,1,rippled,1.8,CN,Combine Net,27.4,1.8,5,Beach Seine,4,1130,1350,72,556,,1231,,5.3,,0.7,,NA,3000,Hauled
1,1,2004/10/02,2004,276,10,1 Entrance Ruan Creek,Entrance Ruan Creek,Fal,SW855407,-5.0087187,50.227309,185500,40700,1,1,65,8.8,0,1,19,0,0,NA,0,0,NA,0,0,NA,0,16,W,5/8,Shower,14,NA,0.7,wavelets,0.6,CN,Combine Net,27.4,1.8,5,Beach Seine,5,1400,1530,78,810,2019,1451,,5.2,5.1,1,,NA,1100,Hauled
1,1,2004/10/16,2004,290,10,18 The Bar,The Bar,Helford,SW757269,-5.1377720,50.099748,175700,26900,0,1,0,NA,0,0,NA,0,1,22.2,Yellow,0,NA,0,0,NA,0,11,NW,8/8,Shower,13,0.035,0.8,small waves,0.8,CN,Combine Net,27.4,1.8,5,Beach Seine,3,1330,1445,69,929,1939,1356,,5.4,5.4,0.8,,NA,2040,Hauled
1,0,2005/06/04,2005,155,6,20 Head of Polwheveral Creek,Head of Polwheveral Creek,Helford,SW739284,-5.1637894,50.112535,173900,28400,1,1,0,NA,0,4,10,0,0,NA,0,0,NA,0,0,NA,0,16,W,7/8,Dry,18,0,0.6,rippled,0.9,KNN,Knotless Nylon Net,29.5,2,0,Beach Seine,1,1625,1625,25,,1631,1044,,,4.9,1.2,,NA,870,Hauled
0,1,2005/06/06,2005,157,6,1 Entrance Ruan Creek,Entrance Ruan Creek,Fal,SW855407,-5.0087187,50.227309,185500,40700,1,1,0,NA,0,33,11,0,0,NA,0,0,NA,0,0,NA,0,18,WNW,3/8,Dry,17,NA,NA,NA,1,NA,NA,NA,NA,NA,Beach Seine,NA,NA,NA,NA,,,,,,,,,NA,1300,Hauled
1,0,2005/06/09,2005,160,6,7 Polingey Creek,Polingey Creek,Fal,SW866351,-4.9901719,50.177412,186600,35100,0,0,0,NA,0,0,NA,0,0,NA,0,0,NA,0,0,NA,0,19,Calm,0/8,Dry,21,NA,NA,NA,0.6,KNN,Knotless Nylon Net,29.5,2,5,Beach Seine,1,1900,NA,NA,,1929,1330,,,5,1.3,,NA,2400,Hauled
1,1,2005/07/10,2005,191,7,1 Entrance Ruan Creek,Entrance Ruan Creek,Fal,SW855407,-5.0087187,50.227309,185500,40700,1,1,0,NA,0,0,NA,0,0,NA,0,44,23.4,Yellow,0,NA,0,26,E,1/8,Dry,25,0,1.2,rippled,1.2,KNN,Knotless Nylon Net,29.5,2,5,Beach Seine,3,1335,1445,66,824,2031,1454,,4.6,4.9,1.5,,NA,1950,Hauled
1,1,2005/07/13,2005,194,7,2 Bonallack Main River,Bonallack,Helford,SW712262,-5.2001742,50.091746,171200,26200,1,1,86,3.7,0,5,12,0,0,NA,0,0,NA,0,0,NA,0,24,W,0/8,Dry,26,0,0.9,rippled,0.9,KNN,Knotless Nylon Net,29.5,2,5,Beach Seine,5,1500,1550,50,1017,2221,1627,,4.4,4.5,1.7,,10,NA,Net held
1,1,2005/07/16,2005,197,7,12 Ruan Lanihorne,Ruan Lanihorne,Fal,SW887417,-4.9644750,50.237442,188700,41700,0,0,0,NA,0,0,NA,0,0,NA,0,0,NA,0,0,NA,0,23,SW,5/8,Dry,21,NA,NA,NA,0.8,KNN,Knotless Nylon Net,29.5,2,5,Beach Seine,2,1255,1615,192,1249,,1825,,4.3,,1.9,,NA,150,Hauled
1,1,2005/08/03,2005,215,8,7 Polingey Creek,Polingey Creek,Fal,SW866351,-4.9901719,50.177412,186600,35100,0,0,0,NA,0,0,NA,0,0,NA,0,0,NA,0,0,NA,0,21,SW,1/8,Dry,23,NA,NA,NA,0.6,KNN,Knotless Nylon Net,29.5,2,5,Beach Seine,1,1700,NA,NA,,1710,1139,,,4.8,1.6,,NA,1800,Hauled
1,1,2005/08/09,2005,221,8,18 The Bar,The Bar,Helford,SW757269,-5.1377720,50.099748,175700,26900,0,0,0,NA,0,0,NA,0,0,NA,0,0,NA,0,0,NA,0,23,W,0/8,Dry,25,NA,NA,NA,0.5,SN,Small Net,9.1,1.7,4,Beach Seine,7,1458,1655,94,840,2047,1501,,4.8,5,1.3,,NA,1220,Hauled
0,1,2005/08/16,2005,228,8,7 Polingey Creek,Polingey Creek,Fal,SW866351,-4.9901719,50.177412,186600,35100,0,0,0,NA,0,0,NA,0,0,NA,0,0,NA,0,0,NA,0,23,E,0/8,Dry,24,NA,NA,NA,0.5,SN,Small Net,9.1,1.7,4,Beach Seine,1,1715,1715,15,,859,1453,,,4.5,1,,NA,169,Hauled
0,1,2005/08/17,2005,229,8,20 Head of Polwheveral Creek,Head of Polwheveral Creek,Helford,SW739284,-5.1637894,50.112535,173900,28400,1,1,6,6.6,0,2,15,0,0,NA,0,0,NA,0,0,NA,0,22,E,2/8,Dry,26,0,0.8,rippled,0.8,NA,NA,NA,NA,NA,Beach Seine,1,1600,NA,NA,,1606,1015,,,4.8,1.6,,NA,900,Hauled
1,1,2005/08/30,2005,242,8,13 Ruan Creek,Ruan Creek,Fal,SW873407,-4.9835185,50.227959,187300,40700,1,1,0,NA,0,1,15,0,0,NA,0,0,NA,0,0,NA,0,23,E,2/8,Dry,21,0.035,1,small waves,2.5,KNN,Knotless Nylon Net,29.5,2,5,Beach Seine,4,1335,1630,141,,1511,923,,,4.2,2.4,,NA,4500,Hauled
1,1,2005/09/11,2005,254,9,9 & 10 Scott's quay,Entrace Head of Polwheveral Creek,Helford,SW737274,-5.1659896,50.103479,173700,27400,0,0,0,NA,0,0,NA,0,0,NA,0,0,NA,0,0,NA,0,20,N,8/8,Dry,19,NA,NA,NA,1.5,KNN,Knotless Nylon Net,29.5,2,5,Beach Seine,3,1245,1440,93,1025,,1645,,4.4,,1.9,,NA,2600,Hauled
1,1,2005/09/11,2005,254,9,13 Merthen,Merthen,Helford,SW737259,-5.1651011,50.090009,173700,25900,1,0,0,NA,0,0,NA,0,0,NA,0,0,NA,0,0,NA,0,20,Var,8/8,Dry,19,NA,NA,NA,1.5,KNN,Knotless Nylon Net,29.5,2,5,Beach Seine,1,1140,1140,40,1025,,1645,,4.4,,1.9,,NA,600,Hauled
1,1,2005/09/19,2005,262,9,1 Entrance Ruan Creek,Entrance Ruan Creek,Fal,SW855407,-5.0087187,50.227309,185500,40700,1,1,1,9.2,0,0,NA,0,0,NA,0,0,NA,0,0,NA,0,18,S,6/8,Dry,18,0.035,0.23,rippled,0.7,KNN,Knotless Nylon Net,29.5,2,5,Beach Seine,4,1200,1400,120,653,1950,1330,,5.5,5.8,0.4,,NA,1500,Hauled
0,1,2005/10/05,2005,278,10,1 Entrance Ruan Creek,Entrance Ruan Creek,Fal,SW855407,-5.0087187,50.227309,185500,40700,1,1,0,NA,0,2,20,0,0,NA,0,0,NA,0,0,NA,0,19,E,0/8,Dry,16.5,0,0.6,calm,1.2,KNN,Knotless Nylon Net,29.5,2,5,Beach Seine,5,1250,1530,144,710,1923,1340,,5.2,5.2,1,,NA,1400,Hauled
1,1,2005/10/09,2005,282,10,18 The Bar,The Bar,Helford,SW757269,-5.1377720,50.099748,175700,26900,0,1,0,NA,0,0,NA,0,0,NA,0,0,NA,0,6,27,Orange,15,SW,8/8,Dry,16,NA,NA,NA,1.2,KNN,Knotless Nylon Net,29.5,2,5,Beach Seine,1,1615,1615,15,919,2143,1544,,4.8,4.6,1.6,,NA,660,Hauled
1,1,2006/05/16,2006,136,5,1 Entrance Ruan Creek,Entrance Ruan Creek,Fal,SW855407,-5.0087187,50.227309,185500,40700,1,1,0,NA,0,6,11,0,1,17.4,0,0,NA,0,0,NA,0,15,E,8/8,Rain,16,0,0.25,calm,0.6,KNN,Knotless Nylon Net,29.5,2,5,Beach Seine,5,1445,1615,78,759,2010,1426,,4,5,1.2,,NA,1800,Hauled
1,1,2006/05/31,2006,151,5,12 Merthen,Merthen,Helford,SW725258,-5.1817907,50.088653,172500,25800,1,1,0,NA,0,36,12,0,0,NA,0,0,NA,0,0,NA,0,15,W,2/8,Dry,18,0,0.25,calm,0.8,KNN,Knotless Nylon Net,29.5,2,5,Beach Seine,4,1440,1640,120,838,2039,1513,,4.6,4.9,1.5,,NA,1800,Hauled
1,1,2006/06/05,2006,156,6,14 St Just Harbour,St Just Harbour,Fal,SW848360,-5.0158547,50.184844,184800,36000,0,1,0,NA,0,0,NA,0,0,NA,0,0,NA,0,1,30,Orange,20,Calm,0/8,Dry,20,0,1.2,calm,1.2,KNN,Knotless Nylon Net,29.5,2,5,Beach Seine,1,1450,1450,50,1258,,1923,,4.1,,2.1,,NA,NA,Stop Net
1,1,2006/06/11,2006,162,6,20 Head of Polwheveral Creek,Head of Polwheveral Creek,Helford,SW739284,-5.1637894,50.112535,173900,28400,1,1,0,NA,0,112,12,0,0,NA,0,0,NA,0,0,NA,0,19,SE,8/8,Rain,20,0,0.6,rippled,1,KNN,Knotless Nylon Net,29.5,2,5,Beach Seine,1,1645,1645,45,,1800,1211,,,5,1.2,,NA,1000,Hauled
1,1,2006/06/23,2006,174,6,2 Lamorran,Lamorran,Fal,SW878417,-4.9770780,50.237120,187800,41700,1,1,0,NA,0,15,13,0,31,18.7,0,0,NA,0,0,NA,0,16,Calm,8/8,Dry,20,0,0.6,rippled,1,KNN,Knotless Nylon Net,29.5,2,5,Beach Seine,2,1555,1645,90,,1623,1035,,,4.8,1.4,,NA,1160,Hauled
1,1,2006/06/24,2006,175,6,7 Polingey Creek,Polingey Creek,Fal,SW866351,-4.9901719,50.177412,186600,35100,0,1,0,NA,0,0,NA,0,0,NA,0,1,24.2,Yellow,0,NA,0,20,SW,2/8,Dry,26,0,0.8,rippled,0.6,KNN,Knotless Nylon Net,29.5,2,5,Beach Seine,1,1640,1640,40,,1712,1130,,,5,1.3,,NA,2104,Hauled
1,1,2006/06/28,2006,179,6,13 Ruan Creek,Ruan Creek,Fal,SW872406,-4.9848624,50.227025,187200,40600,1,1,0,NA,0,1,12,0,0,NA,0,0,NA,0,0,NA,0,20,E,2/8,Dry,22,0,0.8,rippled,1,KNN,Knotless Nylon Net,29.5,2,5,Beach Seine,9,1255,1610,189,745,2027,1424,,4.8,5,1.3,,NA,2000,Hauled
1,1,2006/07/05,2006,186,7,13 Ruan Creek,Ruan Creek,Fal,SW874406,-4.9820624,50.227097,187400,40600,1,1,0,NA,0,0,NA,0,0,NA,0,0,NA,0,10,27.7,Orange,20,W,8/8,Rain,19,0,0.9,smooth,1,KNN,Knotless Nylon Net,29.5,2,5,Beach Seine,6,1240,1430,90,1249,,1919,,4.2,,2.1,,NA,4600,Hauled
1,1,2006/07/07,2006,188,7,3 Gorrangorras Creek,Gorrangorras Creek,Fal,SW793345,-5.0919104,50.169348,179300,34500,0,1,0,NA,0,0,NA,0,0,NA,0,2,23.3,Yellow,1,31,Orange,19,W,8/8,Dry,22,0.035,1,rippled,0.7,LN,Large Net,18.3,1.8,5,Beach Seine,5,1400,1610,126,1456,,2109,,4.4,,1.8,,NA,1250,Hauled
1,1,2006/07/25,2006,206,7,1 Entrance Ruan Creek,Entrance Ruan Creek,Fal,SW856407,-5.0073187,50.227345,185600,40700,1,1,0,NA,0,0,NA,0,0,NA,0,2,21,Yellow,0,NA,0,23,E,7/8,Dry,19,0,1,rippled,1,KNN,Knotless Nylon Net,29.5,2,5,Beach Seine,4,1140,1315,81,609,1820,1253,,4.8,5.1,1.2,,NA,3300,Hauled
1,1,2006/07/28,2006,209,7,13 Ruan Creek,Ruan Creek,Fal,SW865404,-4.9945498,50.224976,186500,40400,1,1,0,NA,0,40,15,0,2,20.8,Yellow,0,NA,0,3,27.9,Orange,20,SW,8/8,Dry,20,0.035,0.6,wavelets,0.7,KNN,Knotless Nylon Net,29.5,2,5,Beach Seine,8,1245,1415,78,803,2009,1443,,4.8,5.1,1.2,,10,2000,Net held
1,1,2006/07/31,2006,212,7,2 Bonallack Main Channel,Bonallack,Helford,SW717260,-5.1930758,50.090142,171700,26000,1,1,43,5,0,0,NA,0,0,NA,0,0,NA,0,2,30.1,Orange,18,W,8/8,Rain,20,0,0.5,wavelets,1,KNN,Knotless Nylon Net,29.5,2,5,Beach Seine,6,1430,1620,90,943,2149,1600,,4.6,4.7,1.5,,15,NA,Net held
1,1,2006/08/05,2006,217,8,7 Polingey Creek,Polingey Creek,Fal,SW866351,-4.9901719,50.177412,186600,35100,0,0,0,NA,0,0,NA,0,0,NA,0,0,NA,0,0,NA,0,25,W,6/8,Dry,23,NA,0.5,calm,0.45,SN,Small Net,9.1,1.7,4,Beach Seine,1,1530,1530,30,,1411,814,,,4.2,2.1,,NA,120,Hauled
1,1,2006/08/08,2006,220,8,20 Head of Polwheveral Creek,Head of Polwheveral Creek,Helford,SW739284,-5.1637894,50.112535,173900,28400,1,1,15,5.8,0,0,NA,0,0,NA,0,0,NA,0,1,30.4,Orange,24,W,4/8,Dry,22,0.035,0.8,calm,0.6,SN,Small Net,9.1,1.7,4,Beach Seine,1,1625,1625,25,,1724,1136,,,5.1,1.3,,NA,950,Hauled
0,1,2006/08/15,2006,227,8,2 Bonallack Main Channel,Bonallack,Helford,SW717260,-5.1930758,50.090142,171700,26000,1,1,10,6.1,0,0,NA,0,0,NA,0,1,25.8,Yellow,0,NA,0,20,SW,8/8,Dry,17.5,0,0.5,wavelets,1,KNN,Knotless Nylon Net,29.5,2,5,Beach Seine,8,1510,1820,186,1023,2236,1645,,5,4.9,1.2,,10,NA,Net held
1,1,2006/08/29,2006,241,8,13 Ruan Creek,Ruan Creek,Fal,SW865404,-4.9945498,50.224976,186500,40400,1,1,15,7.8,0,0,NA,0,0,NA,0,0,NA,0,0,NA,0,17,SW,4/8,Dry,18,0,0.4,small waves,0.7,KNN,Knotless Nylon Net,29.5,2,5,Beach Seine,5,1445,1540,55,804,2110,1520,,4.8,4.8,1.4,,NA,NA,Net held
0,1,2006/09/04,2006,247,9,7 Polingey Creek,Polingey Creek,Fal,SW866351,-4.9901719,50.177412,186600,35100,0,1,1,6.2,0,0,NA,0,0,NA,0,0,NA,0,0,NA,0,20,SW,8/8,Dry,21,0.035,1,rippled,0.3,KNN,Knotless Nylon Net,29.5,2,5,Beach Seine,1,1500,NA,NA,,1511,915,,,4.5,2,,NA,1800,Hauled
1,1,2006/09/05,2006,248,9,2 Lamorran,Lamorran,Fal,SW878417,-4.9770780,50.237120,187800,41700,1,1,1,9,0,0,NA,0,0,NA,0,0,NA,0,0,NA,0,21,SW,7/8,Dry,22,0,1,calm,0.9,KNN,Knotless Nylon Net,29.5,2,5,Beach Seine,2,1600,1645,45,,1613,1023,,,4.9,1.6,,NA,1400,Hauled
1,1,2006/09/13,2006,256,9,12 Merthen,Merthen,Helford,SW725258,-5.1817907,50.088653,172500,25800,1,1,0,NA,0,1,18.5,0,0,NA,0,0,NA,0,0,NA,0,19,S,8/8,Dry,19,0.035,0.5,rippled,1.3,KNN,Knotless Nylon Net,29.5,2,5,Beach Seine,6,1600,1735,78,949,2205,1617,,5,4.8,1.3,,NA,1600,Hauled
1,1,2007/06/12,2007,163,6,20 Head of Polwheveral Creek,Head of Polwheveral Creek,Helford,SW739284,-5.1637894,50.112535,173900,28400,1,1,0,NA,0,7,13,0,0,NA,0,0,NA,0,0,NA,0,24,SW,4/8,Dry,23,0,0.3,calm,0.7,KNN,Knotless Nylon Net,29.5,2,5,Beach Seine,1,1540,1603,23,,1540,951,,,4.8,1.3,,NA,1100,Hauled
1,1,2007/06/13,2007,164,6,2 Lamorran,Lamorran,Fal,SW878417,-4.9770780,50.237120,187800,41700,1,1,0,NA,0,0,NA,0,0,NA,0,1,26.4,Yellow,0,NA,0,19,SE,6/8,Dry,18,0,0.8,rippled,1.2,KNN,Knotless Nylon Net,29.5,2,5,Beach Seine,1,1600,NA,NA,,1636,1051,,,5,1.1,,NA,1500,Hauled
1,1,2007/07/12,2007,193,7,13 Ruan Creek,Ruan Creek,Fal,SW865404,-4.9945498,50.224976,186500,40400,1,1,0,NA,0,0,NA,0,0,NA,0,1,25.6,Yellow,0,NA,0,16,SW,8/8,Rain,15,0,1,wavelets,1.2,KNN,Knotless Nylon Net,29.5,2,5,Beach Seine,4,1430,1525,55,,1619,1034,,,4.8,1.5,,NA,3240,Hauled
1,1,2007/07/12,2007,193,7,8 Ruan Creek Ardevora Veor,Ruan Creek,Fal,SW873405,-4.9834063,50.226163,187300,40500,1,0,0,NA,0,0,NA,0,0,NA,0,0,NA,0,0,NA,0,15,NA,8/8,Dry,15,NA,1,calm,1.5,KNN,Knotless Nylon Net,29.5,2,5,Beach Seine,1,1600,NA,NA,,1619,1034,,,4.8,1.5,,NA,900,Hauled
1,1,2007/07/19,2007,200,7,2 Bonallack Main Channel,Bonallack,Helford,SW717261,-5.1931355,50.091040,171700,26100,1,1,1,4,0,0,NA,0,0,NA,0,0,NA,0,0,NA,0,18,Calm,8/8,Shower,17,0,0.1,rippled,1.2,KNN,Knotless Nylon Net,29.5,2,5,Beach Seine,5,1400,1730,198,922,,1551,,4.7,,1.2,,5,NA,Net held
1,1,2007/08/02,2007,214,8,12 Merthen,Merthen,Helford,SW727259,-5.1790587,50.089627,172700,25900,1,1,170,4.1,0,7,15,0,0,NA,0,0,NA,0,0,NA,0,22,SW,5/8,Dry,23,0,0.12,rippled,1.1,KNN,Knotless Nylon Net,29.5,2,5,Beach Seine,5,1355,1610,129,930,2040,1457,,5.1,5.4,0.8,,10,270,Net held
0,1,2007/08/07,2007,219,8,7 Polingey Creek,Polingey Creek,Fal,SW866351,-4.9901719,50.177412,186600,35100,0,1,2,5,0,0,NA,0,0,NA,0,0,NA,0,0,NA,0,21,N,6/8,Dry,23,0,0.2,calm,0.3,SN,Small Net,9.1,1.7,4,Beach Seine,1,1445,1445,45,1224,,1848,,4.4,,1.9,,NA,76,Hauled
1,1,2007/08/10,2007,222,8,20 Head of Polwheveral Creek,Head of Polwheveral Creek,Helford,SW739284,-5.1637894,50.112535,173900,28400,1,1,1,5,0,3,17,0,0,NA,0,0,NA,0,0,NA,0,23,W,7/8,Dry,20,0,0.63,calm,1,KNN,Knotless Nylon Net,29.5,2,5,Beach Seine,1,1545,1545,45,,1614,1031,,,4.7,1.7,,NA,1050,Hauled
1,1,2007/08/11,2007,223,8,2 Lamorran,Lamorran,Fal,SW878417,-4.9770780,50.237120,187800,41700,1,1,15,3.5,0,0,NA,0,0,NA,0,0,NA,0,0,NA,0,21,SW,2/8,Dry,22,0,0.6,calm,1.3,KNN,Knotless Nylon Net,29.5,2,5,Beach Seine,1,1630,1630,30,,1708,1130,,,5,1.4,,NA,1500,Hauled
0,1,2007/08/24,2007,236,8,14 St Just Harbour,St Just Harbour,Fal,SW848358,-5.0157415,50.183047,184800,35800,0,0,0,NA,0,0,NA,0,0,NA,0,0,NA,0,0,NA,0,20,N,NA,Dry,23,0,1.2,rippled,1,KNN,Knotless Nylon Net,29.5,2,5,Beach Seine,3,1420,1530,66,,1451,839,,,4.3,2.2,,NA,2140,Hauled
1,1,2007/08/30,2007,242,8,12 Merthen,Merthen,Helford,SW727259,-5.1790587,50.089627,172700,25900,1,1,378,5,0,0,NA,0,0,NA,0,0,NA,0,0,NA,0,17,N,8/8,Dry,20,0,0.07,calm,0.3,KNN,Knotless Nylon Net,29.5,2,5,Beach Seine,2,1300,1505,123,725,,1359,,5.3,,0.6,,15,290,Net held
1,1,2007/09/07,2007,250,9,13 Ruan Creek,Ruan Creek,Fal,SW865404,-4.9945498,50.224976,186500,40400,1,0,0,NA,0,0,NA,0,0,NA,0,0,NA,0,0,NA,0,22,N,NA,Dry,25,NA,1,calm,1.3,KNN,Knotless Nylon Net,29.5,2,5,Beach Seine,3,1350,1540,90,,1503,917,,,4.4,2.2,,NA,3000,Hauled
1,1,2007/09/13,2007,256,9,1 Entrance Ruan Creek,Entrance Ruan Creek,Fal,SW856407,-5.0073187,50.227345,185600,40700,1,1,254,7.4,0,7,15,0,0,NA,0,0,NA,0,0,NA,0,20,N,0/8,Dry,19,0.035,0.8,wavelets,1,KNN,Knotless Nylon Net,29.5,2,5,Beach Seine,4,1250,1340,50,706,,1349,,5.2,,0.8,,5,1020,Net held
1,1,2007/09/22,2007,265,9,2 Lamorran,Lamorran,Fal,SW878417,-4.9770780,50.237120,187800,41700,1,1,85,7.1,0,0,NA,0,0,NA,0,0,NA,0,0,NA,0,18,SW,7/8,Dry,20,0.5,1,wavelets,1,KNN,Knotless Nylon Net,29.5,2,5,Beach Seine,3,1315,1400,45,,1415,812,,,4.3,2.4,,NA,3400,Hauled
1,1,2007/09/29,2007,272,9,1 Entrance Ruan Creek,Entrance Ruan Creek,Fal,SW856407,-5.0073187,50.227345,185600,40700,1,1,155,6.9,0,0,NA,0,0,NA,0,0,NA,0,0,NA,0,16,S,4/8,Dry,17,0,0.2,calm,1,KNN,Knotless Nylon Net,29.5,2,5,Beach Seine,2,1310,1455,87,740,,1415,,5.5,,0.5,,12,300,Net held
1,1,2007/10/13,2007,286,10,1 Entrance Ruan Creek,Entrance Ruan Creek,Fal,SW856407,-5.0073187,50.227345,185600,40700,1,1,56,7.4,0,0,NA,0,0,NA,0,0,NA,0,0,NA,0,16,SE,8/8,Rain,15.5,0,1,calm,0.8,KNN,Knotless Nylon Net,29.5,2,5,Beach Seine,7,1240,1450,126,701,,1343,,5.1,,1,,55,NA,Net held
1,1,2008/06/14,2008,166,6,2 Lamorran,Lamorran,Fal,SW878417,-4.9770780,50.237120,187800,41700,1,1,0,NA,0,2000,10,0,4,18.1,0,0,NA,0,0,NA,0,17,W,8/8,Shower,18,0,0.8,calm,0.5,KNN,Knotless Nylon Net,29.5,2,5,Beach Seine,2,1330,1445,69,234,1507,914,,4.4,4.4,1.7,,NA,5000,Hauled
1,1,2008/06/17,2008,169,6,20 Head of Polwheveral Creek,Head of Polwheveral Creek,Helford,SW739284,-5.1637894,50.112535,173900,28400,1,1,0,NA,0,335,11,0,1,17.8,0,0,NA,0,0,NA,0,20,W,8/8,Dry,19,0,0.6,rippled,0.7,KNN,Knotless Nylon Net,29.5,2,5,Beach Seine,1,1645,1645,45,,1720,1141,,,4.9,1.5,,NA,850,Hauled
1,1,2008/07/08,2008,190,7,1 Entrance Ruan Creek,Entrance Ruan Creek,Fal,SW857405,-5.0058057,50.225585,185700,40500,1,1,0,NA,0,65,10,0,0,NA,0,0,NA,0,0,NA,0,15,SW,5/8,Dry,15,0,0.1,wavelets,0.8,KNN,Knotless Nylon Net,29.5,2,5,Beach Seine,5,1535,1710,81,1009,2211,1626,,4.9,5,1.1,,5,1000,Net held
1,1,2008/07/16,2008,198,7,2 Bonallack Main Channel,Bonallack,Helford,SW717261,-5.1931355,50.091040,171700,26100,1,1,7,3.7,0,109,12,0,1,22,Yellow,0,NA,0,0,NA,0,19,W,2/8,Dry,19,0,0.25,rippled,1,KNN,Knotless Nylon Net,29.5,2,5,Beach Seine,8,932,1310,204,437,1657,1113,,4.5,4.8,1.6,,45,NA,Net held
1,1,2008/08/01,2008,214,8,2 Lamorran,Lamorran,Fal,SW878417,-4.9770780,50.237120,187800,41700,1,1,6,3.2,0,9,12,0,0,NA,0,0,NA,0,0,NA,0,19,SW,8/8,Dry,19,0,0.5,calm,1,KNN,Knotless Nylon Net,29.5,2,5,Beach Seine,1,1630,1630,30,,1810,1230,,,5.4,0.9,,NA,1100,Hauled
1,1,2008/08/08,2008,221,8,2 Bonallack Main Channel,Bonallack,Helford,SW717261,-5.1931355,50.091040,171700,26100,1,1,5,4.2,0,1,13,0,0,NA,0,0,NA,0,0,NA,0,21,NW,7/8,Dry,21,0,0.15,calm,1,KNN,Knotless Nylon Net,29.5,2,5,Beach Seine,10,1520,1845,195,1022,2126,1654,,4.6,4.6,1.6,,5,NA,Net held
1,1,2008/08/15,2008,228,8,20 Head of Polwheveral Creek,Head of Polwheveral Creek,Helford,SW739284,-5.1637894,50.112535,173900,28400,1,1,27,5.4,0,34,14,0,0,NA,0,0,NA,0,0,NA,0,18,S,8/8,Shower,17,0,0.7,rippled,1,KNN,Knotless Nylon Net,29.5,2,5,Beach Seine,1,1630,1630,30,,1720,1139,,,5,1.9,,NA,850,Hauled
1,1,2008/10/11,2008,285,10,5 Blaze Bar,Blaze Bar,Fal,SW848405,-5.0184050,50.225258,184800,40500,0,0,0,NA,0,0,NA,0,0,NA,0,0,NA,0,0,NA,0,17,Airs,0/8,Dry,15,NA,1,calm,2,KNN,Knotless Nylon Net,29.5,2,5,Beach Seine,2,1335,1400,25,,1537,941,,,4.7,1.9,,NA,1340,Hauled
1,0,2008/10/11,2008,285,10,2 Lamorran,Lamorran,Fal,SW878417,-4.9770780,50.237120,187800,41700,1,0,0,NA,0,0,NA,0,0,NA,0,0,NA,0,0,NA,0,17,calm,0/8,Dry,15,NA,0.3,calm,1,KNN,Knotless Nylon Net,29.5,2,5,Beach Seine,1,1520,1520,20,,1537,941,,,4.7,1.9,,NA,1000,Hauled
1,1,2009/05/14,2009,134,5,1 Entrance Ruan Creek,Entrance Ruan Creek,Fal,SW863404,-4.9973497,50.224904,186300,40400,1,1,0,NA,0,0,NA,0,10,15.6,0,0,NA,0,0,NA,0,13,E,8/8,Drizzle,21,0.035,1.2,wavelets,0.9,KNN,Knotless Nylon Net,29.5,2,5,Beach Seine,7,1320,1630,186,850,,1521,,4.5,,1.6,,30,NA,Net held
1,1,2009/06/05,2009,156,6,2 Lamorran,Lamorran,Fal,SW878417,-4.9770780,50.237120,187800,41700,1,1,0,NA,0,7,9,0,2,14.5,0,0,NA,0,0,NA,0,17,E,6/8,Dry,21,0,1,rippled,1,KNN,Knotless Nylon Net,29.5,2,5,Beach Seine,1,1440,1510,30,,1634,1052,,,4.8,1.4,,NA,1100,Hauled
1,1,2009/06/05,2009,156,6,15 Lamorran Gully,Lamorran Gully,Fal,SW884417,-4.9686760,50.237335,188400,41700,1,1,0,NA,0,264,8,0,20,15.1,0,0,NA,0,0,NA,0,17,SE,6/8,Dry,21,0,1,rippled,0.6,KNN,Knotless Nylon Net,29.5,2,5,Beach Seine,1,1215,1215,15,,1208,609,,,4.3,1.8,,NA,4500,Hauled
1,1,2009/06/12,2009,163,6,2 Bonallack Main Channel,Bonallack,Helford,SW718260,-5.1916800,50.090180,171800,26000,1,1,0,NA,0,36,9,0,5,16.7,0,0,NA,0,0,NA,0,15,SW,6/8,Dry,21,0,0.6,rippled,1.2,KNN,Knotless Nylon Net,29.5,2,5,Beach Seine,10,1300,1650,210,841,,1508,,4.6,,1.5,,55,NA,Net held
1,1,2009/06/20,2009,171,6,20 Head of Polwheveral Creek,Head of Polwheveral Creek,Helford,SW739284,-5.1637894,50.112535,173900,28400,1,1,0,NA,0,150,10,0,4,16.8,0,0,NA,0,0,NA,0,17,N,5/8,Dry,17,0,0.7,rippled,0.6,KNN,Knotless Nylon Net,29.5,2,5,Beach Seine,1,1540,1540,40,319,2235,1553,,4.6,1.4,4.8,,NA,850,Hauled
1,1,2009/07/30,2009,211,7,15 Lamorran Gully,Lamorran Gully,Fal,SW884417,-4.9686760,50.237335,188400,41700,1,1,24,4.1,0,32,12,0,11,16.4,0,0,NA,0,0,NA,0,20,SW,5/8,Dry,18,0,0.2,wavelets,0.7,KNN,Knotless Nylon Net,29.5,2.9,5,Beach Seine,1,1215,1215,15,,1208,609,,,4.3,1.8,,NA,4500,Hauled
1,1,2009/08/05,2009,217,8,20 Head of Polwheveral Creek,Head of Polwheveral Creek,Helford,SW739284,-5.1637894,50.112535,173900,28400,1,1,25,4.7,0,71,12,0,0,NA,0,0,NA,0,0,NA,0,19,SW,7/8,Dry,18,0.5,0.6,calm,0.8,KNN,Knotless Nylon Net,29.5,2,5,Beach Seine,1,1710,1710,10,,1753,1226,,,5,1.4,,NA,850,Hauled
1,1,2009/08/12,2009,224,8,2 Bonallack Main Channel,Bonallack,Helford,SW718260,-5.1916800,50.090180,171800,26000,1,1,2,3.7,0,0,NA,0,0,NA,0,0,NA,0,0,NA,0,18,W,8/8,Dry,18,0.5,0.3,calm,1,KNN,Knotless Nylon Net,29.5,2,5,Beach Seine,6,1412,1752,204,938,,1556,,4.7,,1.4,,26,NA,Net held
1,1,2009/08/18,2009,230,8,15 Lamorran Gully,Lamorran Gully,Fal,SW884417,-4.9686760,50.237335,188400,41700,1,1,0,NA,0,0,NA,0,10,17.8,0,0,NA,0,0,NA,0,22,S,6/8,Dry,22,0,1,wavelets,1.2,KNN,Knotless Nylon Net,29.5,2,5,Beach Seine,2,1430,1500,30,,1624,1039,,,5,1.4,,NA,4500,Hauled
1,1,2009/09/15,2009,258,9,15 Lamorran Gully,Lamorran Gully,Fal,SW884417,-4.9686760,50.237335,188400,41700,1,1,0,NA,0,45,13,0,0,NA,0,0,NA,0,0,NA,0,23,Calm,0/8,Dry,20,0,0,calm,1,KNN,Knotless Nylon Net,29.5,2,5,Beach Seine,1,1410,1530,72,,1513,922,,,4.7,1.8,,NA,3000,Hauled
1,1,2009/10/08,2009,281,10,1 Entrance Ruan Creek,Entrance Ruan Creek,Fal,SW862403,-4.9986932,50.223970,186200,40300,1,1,11,8.5,0,1,15,0,2,20.1,0,0,NA,0,0,NA,0,14,N,0/8,Dry,15,0,0.1,rippled,1,KNN,Knotless Nylon Net,29.5,2,5,Beach Seine,7,1305,1550,141,819,2038,1446,,5.2,5,1.2,,30,NA,Net held
1,1,2010/05/13,2010,133,5,20 Head of Polwheveral Creek,Head of Polwheveral Creek,Helford,SW739284,-5.1637894,50.112535,173900,28400,1,1,0,NA,0,32,10,0,0,NA,0,0,NA,0,0,NA,0,11,W,1/8,Dry,19,0,0.7,calm,1.2,KNN,Knotless Nylon Net,29.5,2,5,Beach Seine,1,1730,1730,30,,1751,1203,,,5.1,1.1,,NA,850,Hauled
1,1,2010/05/18,2010,138,5,2 Bonallack Main Channel,Bonallack,Helford,SW719258,-5.1901649,50.088423,171900,25800,1,1,0,NA,0,5,11,0,6,15.9,0,0,NA,0,0,NA,0,16,SW,8/8,Dry,18,0,0.15,rippled,1.2,NA,NA,NA,NA,NA,Beach Seine,8,1355,1723,197,901,2112,1526,,4.9,5.1,1.3,,69,NA,Net held
1,1,2010/05/26,2010,146,5,20 Head of Polwheveral Creek,Head of Polwheveral Creek,Helford,SW739284,-5.1637894,50.112535,173900,28400,1,1,0,NA,0,23,11,0,0,NA,0,0,NA,0,0,NA,0,13,E,8/8,Dry,16,0,0.7,rippled,1.2,KNN,Knotless Nylon Net,29.5,2,5,Beach Seine,1,1615,1615,15,,1658,1116,,,5.1,1,,NA,850,Hauled
1,1,2010/06/09,2010,160,6,15 Lamorran Gully,Lamorran Gully,Fal,SW884417,-4.9686760,50.237335,188400,41700,1,1,0,NA,0,85,10,0,14,15,0,1,23.7,Yellow,0,NA,0,18,NE,7/8,Dry,23,0.5,0.3,calm,0.8,KNN,Knotless Nylon Net,29.5,2,5,Beach Seine,2,1515,1545,30,,1546,947,,,4.6,1.6,,NA,3200,Hauled
1,1,2010/06/15,2010,166,6,1 Entrance Ruan Creek,Entrance Ruan Creek,Fal,SW859405,-5.0030058,50.225657,185900,40500,1,1,0,NA,0,0,NA,0,10,15.6,0,0,NA,0,0,NA,0,17,E,4/8,Dry,21,0,0.6,rippled,0.5,LN,Large Net,18.3,1.8,5,Beach Seine,3,1330,1510,84,812,,1441,,5.1,,0.9,,NA,1000,Hauled
1,1,2010/06/22,2010,173,6,15 Lamorran Gully,Lamorran Gully,Fal,SW884417,-4.9686760,50.237335,188400,41700,1,1,0,NA,0,286,10,0,314,15.6,0,0,NA,0,0,NA,0,19,W,0/8,Dry,24,0,1,calm,0.6,KNN,Knotless Nylon Net,29.5,2,5,Beach Seine,1,1315,1335,20,,1445,847,,,4.6,1.6,,NA,3300,Hauled
1,1,2010/06/23,2010,174,6,15 Lamorran,Lamorran Gully,Fal,SW885417,-4.9672757,50.237371,188500,41700,1,1,0,NA,0,1,12,0,4,15,0,0,NA,0,0,NA,0,20,NW,2/8,Dry,24,0,0.4,calm,0.5,LN,Large Net,18.3,1.8,5,Beach Seine,1,1445,1505,20,,1617,1040,,,4.7,1.7,,NA,4000,Hauled
1,1,2010/06/25,2010,176,6,20 Head of Polwheveral Creek,Head of Polwheveral Creek,Helford,SW739284,-5.1637894,50.112535,173900,28400,1,1,0,NA,0,36,12,0,2,17.5,0,0,NA,0,0,NA,0,20,0,0/8,Dry,23,0,0.2,calm,0.7,KNN,Knotless Nylon Net,29.5,2,5,Beach Seine,1,1620,1620,20,,1723,1146,,,5,1.3,,NA,900,Hauled
1,1,2010/07/02,2010,183,7,2 Bonallack Main Channel,Bonallack,Helford,SW718260,-5.1916800,50.090180,171800,26000,1,1,3,3,0,3,14,0,1,18.2,0,0,NA,0,0,NA,0,19,SW,4/8,Dry,21,0,0.23,rippled,1.2,KNN,Knotless Nylon Net,29.5,2,5,Beach Seine,6,1430,1740,186,,1558,934,,,1.5,4.6,,35,NA,Net held
1,1,2010/07/10,2010,191,7,20 Head of Polwheveral Creek,Head of Polwheveral Creek,Helford,SW739284,-5.1637894,50.112535,173900,28400,1,1,0,NA,0,1,13,0,0,NA,0,0,NA,0,0,NA,0,21,SW,8/8,Dry,22,0,0.6,wavelets,0.8,KNN,Knotless Nylon Net,29.5,2,5,Beach Seine,1,1555,1700,63,,1657,1108,,,5,1.4,,NA,900,Hauled
1,1,2010/08/07,2010,219,8,15 Lamorran Gully,Lamorran Gully,Fal,SW884417,-4.9686760,50.237335,188400,41700,1,1,33,4.5,0,236,13,0,0,NA,0,0,NA,0,0,NA,0,19,W,7/8,Dry,23,0,1,wavelets,0.7,KNN,Knotless Nylon Net,29.5,2,5,Beach Seine,1,1400,NA,NA,,1541,948,,,4.7,1.7,,NA,5000,Hauled
1,1,2010/08/08,2010,220,8,20 Head of Polwheveral Creek,Head of Polwheveral Creek,Helford,SW739284,-5.1637894,50.112535,173900,28400,1,1,1,6.4,0,0,NA,0,0,NA,0,0,NA,0,0,NA,0,20,W,6/8,Dry,21,0,0.6,calm,0.8,KNN,Knotless Nylon Net,29.5,2,5,Beach Seine,1,1600,NA,NA,,1640,1052,,,5.1,1.4,,NA,900,Hauled
1,1,2010/08/12,2010,224,8,12 Merthen,Merthen,Helford,SW723258,-5.1845821,50.088576,172300,25800,1,1,1,4.4,0,1,12,0,16,15.6,0,0,NA,0,0,NA,0,19,NW,8/8,Dry,21,0,1,wavelets,0.5,KNN,Knotless Nylon Net,29.5,2,5,Beach Seine,6,1245,1535,150,,1417,744,,,0.3,5.4,,24,NA,Net held
1,1,2010/08/16,2010,228,8,2 Bonallack Main Channel,Bonallack,Helford,SW719258,-5.1901649,50.088423,171900,25800,1,1,22,5.9,0,0,NA,0,0,NA,0,0,NA,0,0,NA,0,22,NW,8/8,Dry,20,0,0.3,rippled,1.2,KNN,Knotless Nylon Net,29.5,2,5,Beach Seine,7,1430,1810,204,1032,,1655,,4.9,,1.4,,46,NA,Net held
1,1,2010/08/22,2010,234,8,20 Head of Polwheveral Creek,Head of Polwheveral Creek,Helford,SW739284,-5.1637894,50.112535,173900,28400,1,1,4,3,0,0,NA,0,0,NA,0,0,NA,0,0,NA,0,16,SW,8/8,Dry,19,0,0.6,calm,0.8,KNN,Knotless Nylon Net,29.5,2,5,Beach Seine,1,1605,1605,5,,1647,1118,,,4.9,1.5,,NA,900,Hauled
1,1,2010/09/05,2010,248,9,15 Lamorran,Lamorran Gully,Fal,SW885419,-4.9673873,50.239167,188500,41900,1,1,4,6.8,0,1,19,0,0,NA,0,0,NA,0,0,NA,0,17,SE,8/8,Rain,16,0,0.6,wavelets,0.9,KNN,Knotless Nylon Net,29.5,2,5,Beach Seine,2,1500,1530,30,,1523,932,,,4.8,1.7,,NA,4400,Hauled
1,1,2010/09/05,2010,248,9,15 Lamorran Gully,Lamorran Gully,Fal,SW884417,-4.9686760,50.237335,188400,41700,1,1,30,6.9,0,10,14,0,0,NA,0,0,NA,0,0,NA,0,17,SE,8/8,Rain,16,0,0.6,wavelets,0.8,KNN,Knotless Nylon Net,29.5,2,5,Beach Seine,1,1400,1515,69,,1523,932,,,4.8,1.7,,NA,3300,Hauled
1,1,2010/09/21,2010,264,9,20 Head of Polwheveral Creek,Head of Polwheveral Creek,Helford,SW739284,-5.1637894,50.112535,173900,28400,1,1,5,6.3,0,0,NA,0,0,NA,0,0,NA,0,0,NA,0,20,SE,4/8,Dry,22,0,0.3,calm,0.8,KNN,Knotless Nylon Net,29.5,2,5,Beach Seine,1,1600,NA,NA,,1700,1132,,,5.1,1.4,,NA,900,Hauled
1,1,2010/09/22,2010,265,9,2 Bonallack Main Channel,Bonallack,Helford,SW718260,-5.1916800,50.090180,171800,26000,1,1,37,7.4,0,0,NA,0,0,NA,0,0,NA,0,0,NA,0,17,W,8/8,Drizzle,16,0,0.8,calm,0.8,KNN,Knotless Nylon Net,29.5,2,5,Beach Seine,7,950,1353,258,523,1737,1209,,5,5.2,1.1,,53,800,Net held
1,1,2010/09/27,2010,270,9,13 Ruan Creek,Ruan Creek,Fal,SW872406,-4.9848624,50.227025,187200,40600,1,1,21,7.5,0,0,NA,0,0,NA,0,0,NA,0,0,NA,0,15,Calm,2/8,Dry,15,0,0.45,calm,0.6,KNN,Knotless Nylon Net,29.5,2,5,Beach Seine,7,1255,1621,196,807,2019,1427,,5.1,5,1.4,,32,NA,Net held
1,1,2011/05/14,2011,134,5,20 Head of Polwheveral Creek,Head of Polwheveral Creek,Helford,SW739284,-5.1637894,50.112535,173900,28400,1,0,0,NA,0,0,NA,0,0,NA,0,0,NA,0,0,NA,0,15,NW,4/8,Dry,NA,NA,0.5,calm,0.8,KNN,Knotless Nylon Net,29.5,2,5,Beach Seine,1,1500,NA,NA,,1532,941,,,4.8,1.2,,NA,850,Hauled
1,1,2011/05/30,2011,150,5,15 Lamorran Gully,Lamorran Gully,Fal,SW884417,-4.9686760,50.237335,188400,41700,1,1,0,NA,0,34,10,0,0,NA,0,0,NA,0,0,NA,0,15,NW,5/8,Drizzle,17,0,1.2,rippled,0.6,KNN,Knotless Nylon Net,29.5,2,5,Beach Seine,1,1515,1515,15,,1634,1046,,,4.8,1.5,,NA,4000,Hauled
1,1,2011/06/01,2011,152,6,20 Head of Polwheveral Creek,Head of Polwheveral Creek,Helford,SW739284,-5.1637894,50.112535,173900,28400,1,0,0,NA,0,0,NA,0,0,NA,0,0,NA,0,0,NA,0,15,NW,8/8,Dry,17,NA,NA,NA,0.7,KNN,Knotless Nylon Net,29.5,2,5,Beach Seine,1,1700,NA,NA,,1756,1210,,,5,1.2,,NA,850,Hauled
1,1,2011/06/14,2011,165,6,20 Head of Polwheveral Creek,Head of Polwheveral Creek,Helford,SW739284,-5.1637894,50.112535,173900,28400,1,1,0,NA,0,0,NA,0,0,NA,0,3,21.7,Yellow,1,25.2,Orange,17,S,8/8,Dry,21,0,0.6,rippled,1,KNN,Knotless Nylon Net,29.5,2,5,Beach Seine,1,1600,NA,NA,,1656,1113,,,5.1,1.1,,NA,850,Hauled
1,1,2011/06/21,2011,172,6,2 Bonallack Main Channel,Bonallack,Helford,SW718260,-5.1916800,50.090180,171800,26000,1,1,0,NA,0,4,11,0,0,NA,0,0,NA,0,0,NA,0,17,SW,5/8,Dry,21,0,0.5,wavelets,0.16,KNN,Knotless Nylon Net,29.5,2,5,Beach Seine,3,1430,1737,222,943,,1615,,4.6,,1.5,,29,NA,Net held
0,1,2011/06/30,2011,181,6,15 Lamorran Gully,Lamorran Gully,Fal,SW884417,-4.9686760,50.237335,188400,41700,1,1,0,NA,0,31,10,0,0,NA,0,0,NA,0,0,NA,0,16,W,4/8,Dry,21,0,0.6,rippled,0.6,KNN,Knotless Nylon Net,29.5,2,5,Beach Seine,1,1520,1520,20,,1733,1142,,,5,1.3,,NA,4000,Hauled
1,1,2011/07/03,2011,184,7,13 Ruan Creek,Ruan Creek,Fal,SW873406,-4.9834624,50.227061,187300,40600,1,1,0,NA,0,6,12,0,1,17.4,0,0,NA,0,0,NA,0,16,E,1/8,Dry,22,0,1,rippled,0.6,KNN,Knotless Nylon Net,29.5,2,5,Beach Seine,8,1120,1540,252,730,1940,1358,,5,5.3,1,,43,NA,Net held
1,1,2011/08/06,2011,218,8,13 Ruan Creek,Ruan Creek,Fal,SW866406,-4.9932624,50.226809,186600,40600,1,1,10,13.7,0,8,19,0,2,23.2,Yellow,0,NA,0,0,NA,0,17,W,6/8,Dry,18,0,1,wavelets,1,NA,NA,NA,NA,NA,Beach Seine,5,1445,1655,126,1050,,1712,,4.8,,1.4,,33,NA,Net held
1,1,2011/08/10,2011,222,8,15 Lamorran Gully,Lamorran Gully,Fal,SW884417,-4.9686760,50.237335,188400,41700,1,1,0,NA,0,1,14,0,0,NA,0,0,NA,0,0,NA,0,18,SW,6/8,Dry,20,0,0.6,wavelets,0.6,KNN,Knotless Nylon Net,29.5,2,5,Beach Seine,1,1430,1450,20,,1532,948,,,4.6,1.8,,NA,4000,Hauled
1,1,2011/08/12,2011,224,8,20 Head of Polwheveral Creek,Head of Polwheveral Creek,Helford,SW739284,-5.1637894,50.112535,173900,28400,1,1,27,5.8,0,1,15,0,0,NA,0,0,NA,0,0,NA,0,18,SW,8/8,Dry,20,0,0.9,rippled,1,KNN,Knotless Nylon Net,29.5,2,5,Beach Seine,1,1605,1615,5,,1716,1143,,,5.1,1.2,,NA,850,Hauled
1,1,2011/08/19,2011,231,8,2 Bonallack Main Channel,Bonallack,Helford,SW719258,-5.1901649,50.088423,171900,25800,1,1,22,5.4,0,0,NA,0,0,NA,0,0,NA,0,0,NA,0,18,SW,5/8,Dry,22,0,0.9,small waves,1,KNN,Knotless Nylon Net,29.5,2,5,Beach Seine,6,1333,1723,210,906,2115,1530,,4.8,4.9,1.4,,38,NA,Net held
1,1,2011/08/21,2011,233,8,13 Ruan Creek,Ruan Creek,Fal,SW870407,-4.9877186,50.227851,187000,40700,1,1,22,5,0,1,12,0,0,NA,0,0,NA,0,0,NA,0,18,SW,5/8,Dry,19,0,0.8,wavelets,0.5,SN,Small Net,9.1,1.7,4,Beach Seine,1,1600,1715,69,1012,2224,1618,,4.5,4.4,1.8,,NA,3500,Hauled
1,1,2011/08/26,2011,238,8,15 Lamorran Gully,Lamorran Gully,Fal,SW884417,-4.9686760,50.237335,188400,41700,1,1,56,5.3,0,2,14,0,0,NA,0,0,NA,0,0,NA,0,15,Calm,8/8,Torrential rain,15,0,0.1,calm,1,KNN,Knotless Nylon Net,29.5,2,5,Beach Seine,1,1450,1605,69,,1557,1000,,,4.8,1.6,,NA,1800,Hauled
1,1,2011/08/30,2011,242,8,13 Merthen,Merthen,Helford,SW734261,-5.1694070,50.091691,173400,26100,1,1,55,6.6,0,0,NA,0,0,NA,0,0,NA,0,0,NA,0,16,E,0/8,Dry,17,0,0.8,rippled,0.6,KNN,Knotless Nylon Net,29.5,2,5,Beach Seine,3,1215,1500,147,650,1905,1326,,5.4,5.7,0.4,,27,NA,Net held
1,1,2011/09/03,2011,246,9,13 Ruan Creek,Ruan Creek,Fal,SW866404,-4.9931499,50.225012,186600,40400,1,1,147,6.4,0,9,15,0,0,NA,0,0,NA,0,0,NA,0,17,SW,8/8,Rain,17,0,1,rippled,1,KNN,Knotless Nylon Net,29.5,2,5,Beach Seine,10,1405,1710,183,941,1607,2158,,5.2,5,1,,54,NA,Net held
1,1,2011/09/08,2011,251,9,15 Lamorran Gully,Lamorran Gully,Fal,SW884417,-4.9686760,50.237335,188400,41700,1,1,333,6.1,0,0,NA,0,0,NA,0,0,NA,0,0,NA,0,19,SW,8/8,Dry,16,0,0.75,calm,0.6,KNN,Knotless Nylon Net,29.5,2,5,Beach Seine,1,1340,1355,15,,1517,938,,,4.6,2,,NA,2000,Hauled
1,1,2011/09/15,2011,258,9,2 Bonallack Main Channel,Bonallack,Helford,SW719258,-5.1901649,50.088423,171900,25800,1,1,29,6.7,0,0,NA,0,0,NA,0,0,NA,0,0,NA,0,17,SE,5/8,Dry,19,0,0.76,wavelets,0.5,KNN,Knotless Nylon Net,29.5,2,5,Beach Seine,5,1210,1600,210,733,1945,1415,,5.2,5.2,1,,24,NA,Net held
1,1,2011/09/30,2011,273,9,20 Head of Polwheveral Creek,Head of Polwheveral Creek,Helford,SW739284,-5.1637894,50.112535,173900,28400,1,0,0,NA,0,0,NA,0,0,NA,0,0,NA,0,0,NA,0,15,SW,8/8,Dry,15,NA,NA,NA,0.6,NA,NA,NA,NA,NA,Beach Seine,NA,NA,NA,NA,,,,,,,,,NA,850,Hauled
1,1,2012/05/19,2012,140,5,15 Lamorran Gully,Lamorran Gully,Fal,SW884417,-4.9686760,50.237335,188400,41700,1,1,0,NA,0,143,9,0,0,NA,0,0,NA,0,0,NA,0,16,S,8/8,Dry,18,0,0.8,rippled,0.6,KNN,Knotless Nylon Net,29.5,2,5,Beach Seine,1,1525,1540,15,,1721,1139,,,4.8,0.9,,NA,2000,Hauled
1,1,2012/06/03,2012,155,6,20 Head of Polwheveral Creek,Head of Polwheveral Creek,Helford,SW739284,-5.1637894,50.112535,173900,28400,1,1,0,NA,0,10,11,0,0,NA,0,0,NA,0,0,NA,0,15,W,8/8,Drizzle,16,0,1,calm,0.8,KNN,Knotless Nylon Net,29.5,2,5,Beach Seine,1,1600,NA,NA,,1707,1125,,,5.1,0.6,,NA,900,Hauled
1,1,2012/06/09,2012,161,6,2 Bonallack Main Channel,Bonallack,Helford,SW719258,-5.1901649,50.088423,171900,25800,1,1,2,10,0,0,NA,0,0,NA,0,0,NA,0,0,NA,0,14,SW,8/8,Shower,15,0,0.6,wavelets,1,KNN,Knotless Nylon Net,29.5,2,5,Beach Seine,6,1403,1757,212,938,2151,1612,,4.7,4.9,0.8,,35,NA,Net held
1,0,2012/06/19,2012,171,6,20 Head of Polwheveral Creek,Head of Polwheveral Creek,Helford,SW739284,-5.1637894,50.112535,173900,28400,1,1,0,NA,0,30,11,0,0,NA,0,0,NA,0,0,NA,0,17,S,3/8,Dry,18,0,0.8,calm,0.7,KNN,Knotless Nylon Net,29.5,2,5,Beach Seine,1,1715,1715,15,,1814,1222,,,4.9,1,,NA,900,Hauled
1,1,2012/06/24,2012,176,6,13 Ruan Creek,Ruan Creek,Fal,SW867404,-4.9917499,50.225048,186700,40400,1,1,0,NA,0,84,11,0,0,NA,0,0,NA,0,0,NA,0,16,W,7/8,Dry,18,0,0.3,wavelets,0.5,KNN,Knotless Nylon Net,29.5,2,5,Beach Seine,4,1315,1424,65,856,2109,1523,,4.6,4.9,1,,21,NA,Net held
1,1,2012/06/30,2012,182,6,15 Lamorran Gully,Lamorran Gully,Fal,SW884417,-4.9686760,50.237335,188400,41700,1,1,0,NA,0,10,12,0,3,16.1,0,0,NA,0,0,NA,0,16,SW,6/8,Shower,18,0,0.3,wavelets,0.7,KNN,Knotless Nylon Net,29.5,2,5,Beach Seine,1,1330,1342,12,,1451,850,,,4.5,1.2,,NA,2000,Hauled
1,1,2012/08/01,2012,214,8,20 Head of Polwheveral Creek,Head of Polwheveral Creek,Helford,SW739284,-5.1637894,50.112535,173900,28400,1,1,2,3.9,0,37,13,0,0,NA,0,0,NA,0,0,NA,0,19,W,6/8,Shower,21,0.025,0.4,wavelets,0.7,KNN,Knotless Nylon Net,29.5,2,5,Beach Seine,1,1600,NA,NA,,1737,1201,,,5.2,0.7,,NA,900,Hauled
1,1,2012/08/09,2012,222,8,2 Bonallack Main Channel,Bonallack,Helford,SW719258,-5.1901649,50.088423,171900,25800,1,1,21,4,0,0,NA,0,0,NA,0,0,NA,0,0,NA,0,23,E,0/8,Dry,21,0,0.3,calm,0.5,KNN,Knotless Nylon Net,29.5,2,5,Beach Seine,5,1450,1817,196,1027,,1657,,4.4,,1.6,,42,NA,Net held
1,1,2012/08/23,2012,236,8,13 Ruan Creek,Ruan Creek,Fal,SW866404,-4.9931499,50.225012,186600,40400,1,1,9,5.6,0,82,14,0,0,NA,0,0,NA,0,0,NA,0,20,S,8/8,Dry,18,0,0.4,rippled,0.6,KNN,Knotless Nylon Net,29.5,2,5,Beach Seine,5,1405,1518,68,938,,1612,,4.8,,0.9,,29,NA,Net held
1,1,2012/08/28,2012,241,8,15 Lamorran Gully,Lamorran Gully,Fal,SW884417,-4.9686760,50.237335,188400,41700,1,1,3,4.4,0,27,14,0,0,NA,0,0,NA,0,0,NA,0,20,SW,4/8,Dry,19,0,0.3,wavelets,0.6,NA,NA,NA,NA,NA,Beach Seine,2,1350,1425,35,,1543,952,,,4.6,1.4,,NA,3900,Hauled
1,1,2012/09/13,2012,257,9,15 Lamorran Gully,Lamorran Gully,Fal,SW884417,-4.9686760,50.237335,188400,41700,1,1,110,6.1,0,0,NA,0,0,NA,0,0,NA,0,0,NA,0,18,W,4/8,Dry,19,0,0.5,rippled,0.6,KNN,Knotless Nylon Net,29.5,2,5,Beach Seine,1,1430,1440,10,,1616,1015,,,4.8,1.4,,NA,2690,Hauled
1,1,2012/09/15,2012,259,9,20 Head of Polwheveral Creek,Head of Polwheveral Creek,Helford,SW739284,-5.1637894,50.112535,173900,28400,1,1,97,5.9,0,8,17,0,0,NA,0,0,NA,0,0,NA,0,18.5,W,7/8,Dry,21,0,1,calm,1,KNN,Knotless Nylon Net,29.5,2,5,Beach Seine,1,1640,1650,10,,1735,1153,,,5.3,0.8,,NA,840,Hauled
1,1,2012/09/30,2012,274,9,20 Head of Polwheveral Creek,Head of Polwheveral Creek,Helford,SW739284,-5.1637894,50.112535,173900,28400,1,1,528,6.6,0,0,NA,0,0,NA,0,0,NA,0,0,NA,0,15,W,8/8,Dry,15,0,0.8,wavelets,1,KNN,Knotless Nylon Net,29.5,2,5,Beach Seine,1,1637,1645,8,,1817,1250,,,5.2,0.5,,NA,900,Hauled
1,1,2012/10/06,2012,280,10,13 Ruan Creek,Ruan Creek,Fal,SW866404,-4.9931499,50.225012,186600,40400,1,1,35,6.5,0,0,NA,0,0,NA,0,0,NA,0,0,NA,0,13,E,3/8,Dry,15,0,0.3,wavelets,0.9,KNN,Knotless Nylon Net,29.5,2,5,Beach Seine,8,1330,1550,132,917,,1530,,4.7,,1.5,,75,NA,Net held
1,1,2013/06/07,2013,158,6,15 Lamorran Gully,Lamorran Gully,Fal,SW884417,-4.9686760,50.237335,188400,41700,1,1,0,NA,0,63,8,0,0,NA,0,0,NA,0,0,NA,0,23,E,2/8,Dry,22,0,1,rippled,0.6,KNN,Knotless Nylon Net,29.5,2,5,Beach Seine,1,1500,NA,NA,,1729,1151,,,4.8,0.9,,NA,2000,Hauled
0,1,2013/06/21,2013,172,6,20 Head of Polwheveral Creek,Head of Polwheveral Creek,Helford,SW739284,-5.1637894,50.112535,173900,28400,1,1,0,NA,0,301,8,0,0,NA,0,0,NA,0,0,NA,0,16.5,NW,6/8,Dry,17,NA,NA,NA,1,KNN,Knotless Nylon Net,29.5,2,5,Beach Seine,NA,NA,NA,NA,,,,,,,,,NA,NA,Hauled
1,1,2013/06/21,2013,172,6,15 Lamorran Gully,Lamorran Gully,Fal,SW884417,-4.9686760,50.237335,188400,41700,1,1,0,NA,0,7,8,0,1,17,0,0,NA,0,0,NA,0,18.5,W,4/8,Dry,22,0,1,wavelets,0.6,KNN,Knotless Nylon Net,29.5,2,5,Beach Seine,2,1415,1500,45,,1609,1022,,,4.9,0.9,,NA,2700,Hauled
1,1,2013/06/23,2013,174,6,20 Head of Polwheveral Creek,Head of Polwheveral Creek,Helford,SW739284,-5.1637894,50.112535,173900,28400,1,1,0,NA,0,301,8,0,0,NA,0,0,NA,0,0,NA,0,16.5,NW,7/8,Dry,16,0,1,rippled,1,KNN,Knotless Nylon Net,29.5,2,5,Beach Seine,1,1645,1645,45,,1800,1220,,,5.3,0.5,,NA,900,Hauled
1,1,2013/06/29,2013,180,6,13 Ruan Creek,Ruan Creek,Fal,SW866404,-4.9931499,50.225012,186600,40400,1,1,0,NA,0,3,10,0,2,16.6,0,0,NA,0,0,NA,0,16,W,7/8,Dry,17,0,0.8,wavelets,0.7,KNN,Knotless Nylon Net,29.5,2,5,Beach Seine,4,1518,1614,56,1031,,1703,,4.6,,0.9,,34,NA,Net held
1,1,2013/07/25,2013,206,7,1 Entrance Ruan Creek,Entrance Ruan Creek,Fal,SW858405,-5.0044058,50.225621,185800,40500,1,1,1,4.5,0,9,11,0,23,17.8,0,0,NA,0,0,NA,0,23,SW,6/8,Dry,26,0,0.3,rippled,0.9,LN,Large Net,18.3,2,5,Beach Seine,7,1305,1540,141,757,2013,1438,,5.2,5.5,0.1,,33,NA,Net held
1,1,2013/08/04,2013,216,8,3 Gorrangorras Creek,Gorrangorras Creek,Fal,SW793345,-5.0919104,50.169348,179300,34500,0,1,137,4.1,0,0,NA,0,0,NA,0,0,NA,0,0,NA,0,19.4,S,8/8,Rain,20,0,1,rippled,0.5,LN,Large Net,18.3,1.7,5,Beach Seine,2,1325,1407,42,429,1649,1050,,4.4,4.7,1.7,,30,150,Net held
1,1,2013/08/14,2013,226,8,13 Ruan Creek,Ruan Creek,Fal,SW867405,-4.9918062,50.225947,186700,40500,1,1,0,NA,0,22,14,0,24,19.3,0,0,NA,0,0,NA,0,22,SW,8/8,Dry,21,0,0.7,wavelets,0.8,KNN,Knotless Nylon Net,29.5,2,5,Beach Seine,9,1505,1645,84,1033,2306,1711,,4.5,4.5,1.4,,49,NA,Net held
1,1,2013/08/18,2013,230,8,15 Lamorran Gully,Lamorran Gully,Fal,SW884417,-4.9686760,50.237335,188400,41700,1,1,297,4.9,0,0,NA,0,0,NA,0,0,NA,0,0,NA,0,19,W,3/8,Dry,19,0,0.45,rippled,0.4,KNN,Knotless Nylon Net,29.5,2,5,Beach Seine,1,1340,1348,8,,1546,954,,,4.8,1.3,,NA,2000,Hauled
1,1,2013/08/20,2013,232,8,20 Head of Polwheveral Creek,Head of Polwheveral Creek,Helford,SW739284,-5.1637894,50.112535,173900,28400,1,1,1,6.1,0,100,14,0,2,21.5,Yellow,1,27,Yellow,0,NA,0,22,SW,2/8,Dry,22,0,1,rippled,1,KNN,Knotless Nylon Net,29.5,2,5,Beach Seine,1,1553,1600,7,,1735,1200,,,5.4,0.6,,NA,900,Hauled
1,1,2013/08/27,2013,239,8,2 Bonallack Main Channel,Bonallack,Helford,SW719258,-5.1901649,50.088423,171900,25800,1,1,99,4.7,0,4,14,0,0,NA,0,0,NA,0,0,NA,0,20,Calm,8/8,Shower,18.5,0,0.75,rippled,1,KNN,Knotless Nylon Net,29.5,2,5,Beach Seine,6,1428,1555,76,955,2208,1638,,4.7,4.5,1.3,,30,NA,Net held
1,1,2013/09/03,2013,246,9,15 Lamorran Gully,Lamorran Gully,Fal,SW884417,-4.9686760,50.237335,188400,41700,1,1,83,4.3,0,0,NA,0,0,NA,0,0,NA,0,0,NA,0,19,Calm,0/8,Dry,24,0,1.3,calm,0.3,LN,Large Net,18.3,1.8,5,Beach Seine,1,1503,1518,15,,1705,1107,,,4.9,1.3,,NA,1500,Hauled
1,1,2013/09/06,2013,249,9,20 Head of Polwheveral Creek,Head of Polwheveral Creek,Helford,SW739284,-5.1637894,50.112535,173900,28400,1,1,381,5.6,0,1,15,0,0,NA,0,0,NA,0,0,NA,0,16,NW,8/8,Dry,21,0,1,rippled,1,KNN,Knotless Nylon Net,29.5,2,5,Beach Seine,1,1705,1715,10,,1850,1304,,,5.2,0.7,,NA,900,Hauled
1,0,2013/09/15,2013,258,9,3 Gorrangorras Creek,Gorrangorras Creek,Fal,SW739345,-5.1674080,50.167312,179300,34500,0,1,2,7.1,0,0,NA,0,0,NA,0,0,NA,0,0,NA,0,16,SW,8/8,Dry,16,0,1,rippled,0.4,KNN,Knotless Nylon Net,29.5,2,5,Beach Seine,3,1100,1150,50,,1427,822,,,4.5,1.7,,30,NA,Net held
1,1,2013/09/21,2013,264,9,12 Merthen,Merthen,Helford,SW723258,-5.1845821,50.088576,172300,25800,1,1,55,6.3,0,0,NA,0,0,NA,0,0,NA,0,0,NA,0,19,W,8/8,Dry,18,0,0.45,rippled,0.3,KNN,Knotless Nylon Net,29.5,2,5,Beach Seine,2,1225,1255,30,706,1923,1354,,5.3,5.4,0.2,,10,NA,Net held
1,1,2013/10/15,2013,288,10,15 Lamorran Gully,Lamorran Gully,Fal,SW884417,-4.9686760,50.237335,188400,41700,1,1,1,4.2,0,0,NA,0,0,NA,0,0,NA,0,0,NA,0,14,E,8/8,Dry,13,0,0.7,rippled,0.6,KNN,Knotless Nylon Net,29.5,2,5,Beach Seine,1,1305,1315,10,,1519,930,,,4.7,1.3,,NA,2000,Hauled
1,1,2013/11/01,2013,305,11,20 Head of Polwheveral Creek,Head of Polwheveral Creek,Helford,SW739284,-5.1637894,50.112535,173900,28400,1,0,0,NA,0,0,NA,0,0,NA,0,0,NA,0,0,NA,0,13,S,8/8,Dry,13,NA,0.5,rippled,1.1,KNN,Knotless Nylon Net,29.5,2,5,Beach Seine,1,1400,1415,15,,1530,941,,,4.9,1.1,,NA,900,Hauled
1,1,2014/06/12,2014,163,6,20 Head of Polwheveral Creek,Head of Polwheveral Creek,Helford,SW739284,-5.1637894,50.112535,173900,28400,1,1,0,NA,0,206,10,0,0,NA,0,0,NA,0,0,NA,0,24,S,0/8,Dry,23,0,0.7,rippled,0.8,KNN,Knotless Nylon Net,29.5,2,5,Beach Seine,1,1623,1632,9,,1728,1145,,,5,0.7,,NA,900,Hauled
1,1,2014/06/24,2014,175,6,15 Lamorran Gully,Lamorran Gully,Fal,SW884417,-4.9686760,50.237335,188400,41700,1,1,0,NA,0,85,10,0,0,NA,0,0,NA,0,0,NA,0,18,E,6/8,Dry,20,NA,NA,NA,NA,KNN,Knotless Nylon Net,29.5,2,5,Beach Seine,1,1500,1520,20,,1658,1116,,,4.7,1,,NA,2000,Hauled
0,1,2014/07/26,2014,207,7,20 Head of Polwheveral Creek,Head of Polwheveral Creek,Helford,SW739284,-5.1637894,50.112535,173900,28400,1,1,344,5.3,0,24,14,0,0,NA,0,0,NA,0,0,NA,0,25,W,6/8,Dry,25,0,1.2,calm,0.8,KNN,Knotless Nylon Net,29.5,2,5,Beach Seine,1,1645,1655,10,,,,,,,,,NA,900,Hauled
1,1,2014/08/03,2014,215,8,13 Ruan Creek,Ruan Creek,Fal,SW866404,-4.9931499,50.225012,186600,40400,1,1,584,5.5,0,1,13,0,0,NA,0,0,NA,0,0,NA,0,19,W,6/8,Dry,19,0,1,wavelets,0.5,KNN,Knotless Nylon Net,29.5,2,5,Beach Seine,1,1445,1455,10,1010,,1642,,4.4,,1.5,,10,NA,Net held
1,1,2014/08/07,2014,219,8,15 Lamorran Gully,Lamorran Gully,Fal,SW884417,-4.9686760,50.237335,188400,41700,1,1,1666,5.5,0,0,NA,0,0,NA,0,0,NA,0,0,NA,0,24,E,2/8,Dry,23,0,1,rippled,0.6,KNN,Knotless Nylon Net,29.5,2,5,Beach Seine,1,1253,1303,10,857,,1451,,1.5,,4.6,,NA,2000,Hauled
1,1,2014/08/23,2014,235,8,20 Head of Polwheveral Creek,Head of Polwheveral Creek,Helford,SW739284,-5.1637894,50.112535,173900,28400,1,1,370,7.2,0,0,NA,0,0,NA,0,0,NA,0,0,NA,0,18,W,6/8,Dry,21,0,0.7,rippled,0.6,KNN,Knotless Nylon Net,29.5,2,5,Beach Seine,1,1627,1634,7,,1701,1122,,,4.8,1.2,,NA,900,Hauled
1,1,2014/09/03,2014,246,9,13 Ruan Creek,Ruan Creek,Fal,SW866404,-4.9931499,50.225012,186600,40400,1,1,41,7.5,0,23,17,0,0,NA,0,0,NA,0,0,NA,0,21,E,5/8,Dry,21,0,1.3,wavelets,0.6,KNN,Knotless Nylon Net,29.5,2,5,Beach Seine,5,1610,1740,78,1155,,1821,,4.3,,1.8,,64,NA,Net held
1,1,2014/09/07,2014,250,9,20 Head of Polwheveral Creek,Head of Polwheveral Creek,Helford,SW739284,-5.1637894,50.112535,173900,28400,1,1,1,9.5,0,0,NA,0,0,NA,0,0,NA,0,0,NA,0,22,E,6/8,Dry,21,0,0.6,calm,0.8,KNN,Knotless Nylon Net,29.5,2,5,Beach Seine,1,1350,1425,35,,1639,1059,,,5.2,0.9,,35,NA,Hauled
1,1,2014/09/07,2014,250,9,20 Head of Polwheveral Creek,Head of Polwheveral Creek,Helford,SW739284,-5.1637894,50.112535,173900,28400,1,1,64,9.4,0,0,NA,0,0,NA,0,0,NA,0,0,NA,0,22,E,6/8,Dry,21,0,0.6,calm,0.8,KNN,Knotless Nylon Net,29.5,2,5,Beach Seine,1,1500,NA,NA,,1639,1059,,,5.2,0.9,,NA,900,Hauled
1,1,2014/09/15,2014,258,9,15 Lamorran Gully,Lamorran Gully,Fal,SW884417,-4.9686760,50.237335,188400,41700,1,1,735,7.8,0,0,NA,0,0,NA,0,0,NA,0,0,NA,0,21,E,6/8,Dry,21,NA,NA,NA,0.6,KNN,Knotless Nylon Net,29.5,2,5,Beach Seine,1,NA,NA,NA,,,,,,,,,NA,2000,Hauled
1,1,2014/09/16,2014,259,9,2 Bonallack Main Channel,Bonallack,Helford,SW719258,-5.1901649,50.088423,171900,25800,1,1,4,6.4,0,0,NA,0,0,NA,0,0,NA,0,0,NA,0,18,E,8/8,Dry,17,0,0.68,wavelets,0.6,KNN,Knotless Nylon Net,29.5,2,5,Beach Seine,2,1555,1705,66,1046,,1739,,4.4,,1.7,,60,NA,Net held
1,1,2014/09/21,2014,264,9,15 Lamorran Gully,Lamorran Gully,Fal,SW884417,-4.9686760,50.237335,188400,41700,1,1,735,7.8,0,0,NA,0,0,NA,0,0,NA,0,0,NA,0,21,E,2/8,Dry,21,0,0,rippled,0.6,KNN,Knotless Nylon Net,29.5,2,5,Beach Seine,1,1436,1450,14,,1536,1049,,,4.8,1.4,,NA,2000,Hauled
1,1,2014/09/26,2014,269,9,20 Head of Polwheveral Creek,Head of Polwheveral Creek,Helford,SW739284,-5.1637894,50.112535,173900,28400,1,1,1,10.8,0,0,NA,0,0,NA,0,0,NA,0,0,NA,0,19,W,3/8,Dry,19,0,0.7,calm,0.9,KNN,Knotless Nylon Net,29.5,2,5,Beach Seine,1,1800,1812,12,,1930,1342,,,5.1,0.8,,NA,900,Hauled
1,1,2014/10/12,2014,285,10,13 Ruan Creek,Ruan Creek,Fal,SW866404,-4.9931499,50.225012,186600,40400,1,1,81,8.1,0,0,NA,0,0,NA,0,0,NA,0,0,NA,0,12,Calm,8/8,Dry,14,0,1,calm,0.5,KNN,Knotless Nylon Net,29.5,2,5,Beach Seine,6,1250,1429,83,821,2939,1506,,5.2,5,0.6,,49,NA,Net held
1,1,2015/06/21,2015,172,6,13 Ruan Creek,Entrance Ruan Creek,Fal,SW854404,-5.0099489,50.224578,185400,40400,1,1,0,NA,0,78,10,0,0,NA,0,0,NA,0,0,NA,0,23,W,7/8,Dry,20,0.385,0.53,wavelets,0.6,KNN,Knotless Nylon Net,29.5,2,5,Beach Seine,6,1350,1505,69,903,,1541,,4.8,,1.1,,37,NA,Net held
1,1,2015/06/28,2015,179,6,15 Lamorran Gully,Lamorran Gully,Fal,SW884417,-4.9686760,50.237335,188400,41700,1,1,0,NA,0,446,11,0,0,NA,0,0,NA,0,0,NA,0,18,SW,8/8,Dry,19,0.399,0.5,rippled,0.5,KNN,Knotless Nylon Net,29.5,2,5,Beach Seine,1,1345,1400,15,,1519,918,,,4.4,1.5,,NA,2000,Hauled
1,1,2015/07/01,2015,182,7,20 Head of Polwheveral Creek,Head of Polwheveral Creek,Helford,SW739284,-5.1637894,50.112535,173900,28400,1,1,0,NA,0,10,12,0,0,NA,0,0,NA,0,0,NA,0,21,SW,6/8,Dry,21.5,0.424,0.63,rippled,1,KNN,Knotless Nylon Net,29.5,2,5,Beach Seine,1,1635,1650,15,,1738,1153,,,5,0.8,,NA,900,Hauled
1,1,2015/08/02,2015,214,8,21 Merthen,Merthen,Helford,SW723258,-5.1845821,50.088576,172300,25800,1,1,138,5.3,0,2,13,0,0,NA,0,0,NA,0,0,NA,0,18,SW,3/8,Dry,14,0,0.5,rippled,0.6,KNN,Knotless Nylon Net,29.5,2,5,Beach Seine,3,1220,1508,149,723,1940,1402,,5.2,5.5,0.3,,NA,NA,Net held
1,1,2015/08/11,2015,223,8,15 Lamorran Gully,Lamorran Gully,Fal,SW884417,-4.9686760,50.237335,188400,41700,1,1,95,4.3,0,0,NA,0,0,NA,0,0,NA,0,0,NA,0,18,W,7/8,Dry,19,0.2,0.4,rippled,0.4,KNN,Knotless Nylon Net,29.5,2,5,Beach Seine,3,1400,1447,47,,1603,1012,,,4.5,1.4,,NA,2000,Hauled
1,1,2015/08/15,2015,227,8,20 Head of Polwheveral Creek,Head of Polwheveral Creek,Helford,SW739284,-5.1637894,50.112535,173900,28400,1,1,127,5.6,0,0,NA,0,0,NA,0,0,NA,0,0,NA,0,18,Calm,2/8,Dry,19,0.44,0.53,calm,1,KNN,Knotless Nylon Net,29.5,2,5,Beach Seine,1,1713,1720,7,,1847,1321,,,5.1,0.7,,NA,900,Hauled
1,1,2015/08/31,2015,243,8,21 Merthen,Merthen,Helford,SW723258,-5.1845821,50.088576,172300,25800,1,1,187,5.3,0,0,NA,0,0,NA,0,0,NA,0,0,NA,0,17,NW,7/8,Dry,17,0.64,0.36,rippled,0.4,KNN,Knotless Nylon Net,29.5,2,5,Beach Seine,6,1110,1229,72,705,1923,1347,,5.4,5.7,0.1,,37,NA,Net held
1,1,2015/09/05,2015,248,9,13 Ruan Creek,Entrance Ruan Creek,Fal,SW854404,-5.0099489,50.224578,185400,40400,1,1,26,6.2,0,15,14,0,0,NA,0,0,NA,0,0,NA,0,16.5,W,8/8,Dry,17,0.427,0.76,rippled,0.4,KNN,Knotless Nylon Net,29.5,2,5,Beach Seine,6,1535,1713,83,1041,2309,1720,,4.6,4.4,1.3,,50,NA,Net held
1,1,2015/09/09,2015,252,9,15 Lamorran Gully,Lamorran Gully,Fal,SW884417,-4.9686760,50.237335,188400,41700,1,1,17,5.9,0,5,12,0,0,NA,0,0,NA,0,0,NA,0,18,E,1/8,Dry,21,0.348,0.5,wavelets,0.45,KNN,Knotless Nylon Net,29.5,2,5,Beach Seine,2,1400,1440,40,,1545,958,,,4.5,1.6,,NA,2000,Hauled
1,1,2015/09/12,2015,255,9,20 Head of Polwheveral Creek,Head of Polwheveral Creek,Helford,SW739284,-5.1637894,50.112535,173900,28400,1,1,27,5.6,0,1,17,0,0,NA,0,0,NA,0,0,NA,0,16,W,7/8,Dry,18,2.12,0.76,calm,1,KNN,Knotless Nylon Net,29.5,2,5,Beach Seine,1,1625,1632,7,,1747,1219,,,5.1,0.8,,NA,900,Hauled
1,1,2015/09/19,2015,262,9,13 Ruan Creek,Entrance Ruan Creek,Fal,SW854404,-5.0099489,50.224578,185400,40400,1,1,38,6.6,0,1,12,0,0,NA,0,0,NA,0,0,NA,0,18,W,7/8,Dry,17,0.42,1,calm,0.6,KNN,Knotless Nylon Net,29.5,2,5,Beach Seine,8,1351,1643,151,908,2114,1534,,4.7,4.6,1.3,,69,NA,Net held
1,1,2015/09/29,2015,272,9,1 Entrance Ruan Creek,Entrance Ruan Creek,Fal,SW847406,-5.0198617,50.226120,184700,40600,1,1,46,6.3,0,0,NA,0,0,NA,0,0,NA,0,0,NA,0,19,E,2/8,Dry,17,0.144,0.45,wavelets,0.6,KNN,Knotless Nylon Net,29.5,2,5,Beach Seine,3,1400,1452,52,643,1903,1328,,5.5,5.7,0,,25,NA,Net held
1,1,2016/05/08,2016,129,5,2 Merthen,Merthen,Helford,SW723258,-5.1845821,50.088576,172300,25800,1,1,0,NA,0,16,9,0,4,15.8,0,0,NA,0,0,NA,0,15,E,7/8,Dry,17,0.462,0.34,rippled,0.7,KNN,Knotless Nylon Net,29.5,2,5,Beach Seine,3,1155,1520,195,706,1926,1349,,5.4,5.4,0,,84,NA,Net held
0,1,2016/05/18,2016,139,5,15 Lamorran Gully,Lamorran Gully,Fal,SW884417,-4.9686760,50.237335,188400,41700,1,1,0,NA,0,9,8,0,0,NA,0,0,NA,0,0,NA,0,14,NW,8/8,Dry,18,0.35,0.6,rippled,0.6,KNN,Knotless Nylon Net,29.5,2,5,Beach Seine,3,1434,1512,38,,1615,1026,,,4.5,1.1,,NA,2000,Hauled
1,1,2016/05/22,2016,143,5,20 Head of Polwheveral Creek,Head of Polwheveral Creek,Helford,SW739284,-5.1637894,50.112535,173900,28400,1,1,0,NA,0,20,8,0,0,NA,0,0,NA,0,0,NA,0,16,NW,5/8,Dry,19,0.428,0.7,rippled,1,KNN,Knotless Nylon Net,29.5,2,5,Beach Seine,1,1722,1725,3,,1847,1257,,,4.9,0.8,,NA,900,Hauled
1,1,2016/06/18,2016,170,6,15 Lamorran Gully,Lamorran Gully,Fal,SW884417,-4.9686760,50.237335,188400,41700,1,1,0,NA,0,13,8,0,1,14.4,0,0,NA,0,0,NA,0,18,NW,3/8,Dry,24,0.42,0,calm,0.9,KNN,Knotless Nylon Net,29.5,2,5,Beach Seine,4,1500,1557,57,,1705,1108,,,4.7,1.1,,36,600,Net held
1,1,2016/06/25,2016,177,6,13 Ruan Creek,Ruan Creek,Fal,SW867405,-4.9918062,50.225947,186700,40500,1,1,0,NA,0,8,10,0,20,16,0,0,NA,0,0,NA,0,17,W,7/8,Dry,19.5,0.4,0,wavelets,0.8,KNN,Knotless Nylon Net,29.5,2,5,Beach Seine,9,1310,1714,242,914,,1541,,4.7,,1,,72,NA,Net held
1,1,2016/07/04,2016,186,7,20 Head of Polwheveral Creek,Head of Polwheveral Creek,Helford,SW739284,-5.1637894,50.112535,173900,28400,1,1,58,3,0,13,11,0,1,13.6,0,0,NA,0,0,NA,0,20,W,8/8,Dry,20,0.438,0.6,calm,1,KNN,Knotless Nylon Net,29.5,2,5,Beach Seine,1,1625,1635,10,,1808,1232,,,5.2,0.5,,NA,900,Hauled
1,1,2016/08/03,2016,216,8,20 Head of Polwheveral Creek,Head of Polwheveral Creek,Helford,SW739284,-5.1637894,50.112535,173900,28400,1,1,2578,5.4,0,0,NA,0,2,21,0,0,NA,0,0,NA,0,18,W,7/8,Dry,22,0.41,0.7,rippled,1,KNN,Knotless Nylon Net,29.5,2,5,Beach Seine,1,1659,1705,6,,1838,1309,,,5.2,0.5,,NA,900,Hauled
1,1,2016/08/18,2016,231,8,15 Lamorran Gully,Lamorran Gully,Fal,SW884417,-4.9686760,50.237335,188400,41700,1,1,582,5.5,0,4,12,0,0,NA,0,0,NA,0,0,NA,0,21,SW,7/8,Dry,22,0.375,1,rippled,0.8,KNN,Knotless Nylon Net,29.5,2,5,Beach Seine,1,1548,1612,24,,1811,1231,,,5.3,0.7,,24,NA,Net held
1,1,2016/08/25,2016,238,8,13 Ruan Creek,Ruan Creek,Fal,SW867405,-4.9918062,50.225947,186700,40500,1,1,0,NA,0,21,13,0,25,18.5,0,0,NA,0,0,NA,0,20,W,8/8,Dry,20.5,0.39,1,calm,0.8,KNN,Knotless Nylon Net,29.5,2,5,Beach Seine,7,1445,1720,141,1106,2337,1737,,4.5,4.4,1.3,,78,700,Net held
1,0,2016/08/31,2016,244,8,20 Head of Polwheveral Creek,Head of Polwheveral Creek,Helford,SW739284,-5.1637894,50.112535,173900,28400,1,1,3,6.9,0,2,15,0,0,NA,0,0,NA,0,0,NA,0,20,NW,2/8,Dry,21,0.37,1,calm,1,KNN,Knotless Nylon Net,29.5,2,5,Beach Seine,1,1625,NA,NA,,1738,1207,,,5.1,0.7,,NA,900,Hauled
1,0,2016/09/16,2016,260,9,3 Gorrangorras Creek,Gorrangorras Creek,Fal,SW793345,-5.0919104,50.169348,179300,34500,0,1,290,7.8,0,0,NA,0,2,25,0,0,NA,0,0,NA,0,0,NW,4/8,Dry,NA,NA,NA,NA,NA,KNN,Knotless Nylon Net,29.5,2,5,Beach Seine,1,1400,1415,15,,1748,1211,,,5.4,0.6,,15,NA,Net held
1,1,2017/04/27,2017,117,4,20 Head of Polwheveral Creek,Head of Polwheveral Creek,Helford,SW739284,-5.1637894,50.112535,173900,28400,1,1,0,NA,0,4,11,0,1,17.4,0,0,NA,0,0,NA,0,0,N,8/8,Dry,13,0,0.7,rippled,1,KNN,Knotless Nylon Net,30,1.2,10,Beach Seine,1,1720,1727,7,,1857,1317,,,5.3,0.1,,NA,900,Hauled
1,1,2017/05/07,2017,127,5,15 Lamorran Gully,Lamorran Gully,Fal,SW884417,-4.9686760,50.237335,188400,41700,1,1,0,NA,0,62,8,0,0,NA,0,0,NA,0,0,NA,0,17,S,5/8,Dry,15,0.67,0.3,rippled,0.3,KNN,Knotless Nylon Net,29.5,2,5,Beach Seine,3,1420,1500,40,,1612,1029,,,4.5,0.9,,NA,2000,Hauled
1,1,2017/05/11,2017,131,5,20 Head of Polwheveral Creek,Head of Polwheveral Creek,Helford,SW739284,-5.1637894,50.112535,173900,28400,1,1,0,NA,0,14,11,0,0,NA,0,0,NA,0,0,NA,0,15,S,8/8,Rain,14,13.226,0.9,rippled,0.9,KNN,Knotless Nylon Net,30,1.2,10,Beach Seine,1,1700,1710,10,,1842,1309,,,5,0.6,,NA,850,Hauled
0,1,2017/05/14,2017,134,5,13 Ruan Creek,Ruan Creek,Fal,SW867405,-4.9918062,50.225947,186700,40500,1,1,0,NA,0,62,8.3,0,0,NA,0,0,NA,0,0,NA,0,16,SW,5/8,Dry,15,0,1.2,rippled,0.8,KNN,Knotless Nylon Net,29.5,2,5,Beach Seine,8,1420,1500,40,807,,1428,,4.7,,1,,72,NA,Net held
1,1,2017/05/30,2017,150,5,13 Ruan Creek,Ruan Creek,Fal,SW867405,-4.9918062,50.225947,186700,40500,1,1,0,NA,0,12,10,0,0,NA,0,0,NA,0,0,NA,0,17,SW,8/8,Dry,17,0,0.68,wavelets,0.6,KNN,Knotless Nylon Net,29.5,2,5,Beach Seine,1,1320,1550,138,930,,1600,,4.8,,0.7,,45,NA,Net held
1,1,2017/06/11,2017,162,6,20 Head of Polwheveral Creek,Head of Polwheveral Creek,Helford,SW739284,-5.1637894,50.112535,173900,28400,1,1,0,NA,0,2820,11,0,0,NA,0,0,NA,0,0,NA,0,17,W,0/8,Dry,19.5,0,0.64,wavelets,0.7,KNN,Knotless Nylon Net,29.5,2,5,Beach Seine,1,1802,1812,10,,1929,1342,,,4.9,0.9,,NA,900,Hauled
1,1,2017/06/21,2017,172,6,15 Lamorran Gully,Lamorran Gully,Fal,SW884417,-4.9686760,50.237335,188400,41700,1,1,0,NA,0,64,10,0,0,NA,0,0,NA,0,0,NA,0,22,W,0/8,Dry,22,0,0.6,rippled,0.7,KNN,Knotless Nylon Net,29.5,2,5,Beach Seine,2,1320,1405,45,,1538,947,,,4.8,1,,40,NA,Net held
1,1,2017/08/06,2017,218,8,20 Head of Polwheveral Creek,Head of Polwheveral Creek,Helford,SW739284,-5.1637894,50.112535,173900,28400,1,1,237,6.8,0,79,14,0,0,NA,0,0,NA,0,0,NA,0,18,SW,8/8,Dry,19,0,0.66,rippled,0.7,KNN,Knotless Nylon Net,29.5,2,5,Beach Seine,1,1638,1650,12,,1736,1140,,,4.9,1.1,,NA,900,Hauled
1,1,2017/08/12,2017,224,8,13 Ruan Creek,Ruan Creek,Fal,SW867405,-4.9918062,50.225947,186700,40500,1,1,35,6.3,0,43,15,0,1,22.5,Yellow,0,NA,0,0,NA,0,18,W,7/8,Dry,19,0,1,wavelets,0.8,KNN,Knotless Nylon Net,29.5,2,5,Wading pulling,9,1240,1637,214,856,2108,1525,,4.8,5,0.8,,72,NA,Net held
1,1,2017/08/19,2017,231,8,15 Lamorran Gully,Lamorran Gully,Fal,SW884417,-4.9686760,50.237335,188400,41700,1,1,172,6.3,0,0,NA,0,0,NA,0,0,NA,0,0,NA,0,17,W,5/8,Dry,19,0,0.7,wavelets,0.6,KNN,Knotless Nylon Net,29.5,2,5,Beach Seine,2,1401,1424,23,,1615,1025,,,4.9,1.2,,16,NA,Net held
1,1,2017/08/23,2017,235,8,2 Merthen,Merthen,Helford,SW723258,-5.1845821,50.088576,172300,25800,1,1,527,7.9,0,11,15,0,0,NA,0,0,NA,0,0,NA,0,17,W,8/8,Dry,20,0.0287,0.3,wavelets,0.6,KNN,Knotless Nylon Net,29.5,2,5,Beach Seine,3,1158,1518,192,709,1924,1355,,5.2,5.5,0.2,,25,NA,Net held
1,0,2018/05/28,2018,148,5,20 Head of Polwheveral Creek,Head of Polwheveral Creek,Helford,SW739284,-5.1637894,50.112535,173900,28400,1,1,0,NA,0,6,12,0,0,NA,0,0,NA,0,0,NA,0,24,S,2/8,Dry,24,0,0,NA,NA,KNN,Knotless Nylon Net,29.5,2,5,Beach Seine,1,1620,1730,66,,1732,1159,,,4.9,0.6,,NA,900,Hauled